( pcb2gcode 1.1.4 )

G94     ( Inches per minute feed rate. )
G20     ( Units == INCHES.             )
G90     ( Absolute coordinates.        )
S10000  ( RPM spindle speed.           )
M3      ( Spindle on clockwise.        )

G64 P0.00500 ( set maximum deviation from commanded toolpath )

G04 P0 ( dwell for no time -- G64 should not smooth over this point )
G00 Z0.19685 ( retract )

G00 X4.04522 Y-1.38146 ( rapid move to begin. )
G01 Z-0.00394 F3.93701 ( plunge. )
G04 P0 ( dwell for no time -- G64 should not smooth over this point )
X4.04522 Y-1.38146
X4.04422 Y-1.38146
X4.04422 Y-1.38246
X4.04322 Y-1.38246
X4.04322 Y-2.96246
X4.04422 Y-2.96246
X4.04422 Y-2.96346
X4.04522 Y-2.96346
X4.04522 Y-2.96446
X6.19222 Y-2.96446
X6.19222 Y-2.96346
X6.19322 Y-2.96346
X6.19322 Y-2.96246
X6.19422 Y-2.96246
X6.19422 Y-1.38246
X6.19322 Y-1.38246
X6.19322 Y-1.38146
X6.19222 Y-1.38146
X6.19222 Y-1.38046
X4.04522 Y-1.38046
X4.04522 Y-1.38146
G04 P0 ( dwell for no time -- G64 should not smooth over this point )
G00 Z0.19685 ( retract )

G00 X4.09322 Y-1.42146 ( rapid move to begin. )
G01 Z-0.00394 F3.93701 ( plunge. )
G04 P0 ( dwell for no time -- G64 should not smooth over this point )
X4.09322 Y-1.42146
X4.09222 Y-1.42146
X4.09222 Y-1.42246
X4.09022 Y-1.42246
X4.09022 Y-1.42346
X4.08922 Y-1.42346
X4.08922 Y-1.42446
X4.08822 Y-1.42446
X4.08822 Y-1.42546
X4.08722 Y-1.42546
X4.08722 Y-1.42646
X4.08622 Y-1.42646
X4.08622 Y-1.42746
X4.08522 Y-1.42746
X4.08522 Y-1.43046
X4.08422 Y-1.43046
X4.08422 Y-1.43346
X4.08322 Y-1.43346
X4.08322 Y-2.91146
X4.08422 Y-2.91146
X4.08422 Y-2.91546
X4.08522 Y-2.91546
X4.08522 Y-2.91746
X4.08622 Y-2.91746
X4.08622 Y-2.91946
X4.08722 Y-2.91946
X4.08722 Y-2.92046
X4.08822 Y-2.92046
X4.08822 Y-2.92146
X4.08922 Y-2.92146
X4.08922 Y-2.92246
X4.09022 Y-2.92246
X4.09022 Y-2.92346
X4.09322 Y-2.92346
X4.09322 Y-2.92446
X4.09622 Y-2.92446
X4.09622 Y-2.92546
X6.14222 Y-2.92546
X6.14222 Y-2.92446
X6.14522 Y-2.92446
X6.14522 Y-2.92346
X6.14722 Y-2.92346
X6.14722 Y-2.92246
X6.14922 Y-2.92246
X6.14922 Y-2.92146
X6.15022 Y-2.92146
X6.15022 Y-2.92046
X6.15122 Y-2.92046
X6.15122 Y-2.91946
X6.15222 Y-2.91946
X6.15222 Y-2.91746
X6.15322 Y-2.91746
X6.15322 Y-2.91546
X6.15422 Y-2.91546
X6.15422 Y-2.91246
X6.15522 Y-2.91246
X6.15522 Y-1.79646
X6.15422 Y-1.79646
X6.15422 Y-1.79346
X6.15322 Y-1.79346
X6.15322 Y-1.79046
X6.15222 Y-1.79046
X6.15222 Y-1.78946
X6.15122 Y-1.78946
X6.15122 Y-1.78846
X6.15022 Y-1.78846
X6.15022 Y-1.78746
X6.14922 Y-1.78746
X6.14922 Y-1.42446
X5.91322 Y-1.42446
X5.91322 Y-1.42346
X5.91122 Y-1.42346
X5.91122 Y-1.42246
X5.91022 Y-1.42246
X5.91022 Y-1.42146
X5.90922 Y-1.42146
X5.90922 Y-1.42046
X4.09322 Y-1.42046
X4.09322 Y-1.42146
G04 P0 ( dwell for no time -- G64 should not smooth over this point )
G00 Z0.19685 ( retract )

G00 X5.97122 Y-1.45446 ( rapid move to begin. )
G01 Z-0.00394 F3.93701 ( plunge. )
G04 P0 ( dwell for no time -- G64 should not smooth over this point )
X5.97122 Y-1.45446
X5.97122 Y-1.47246
X5.97222 Y-1.47246
X5.97222 Y-1.47546
X5.97322 Y-1.47546
X5.97322 Y-1.47846
X5.97422 Y-1.47846
X5.97422 Y-1.48046
X5.97522 Y-1.48046
X5.97522 Y-1.48146
X5.97722 Y-1.48146
X5.97722 Y-1.48246
X5.97922 Y-1.48246
X5.97922 Y-1.48346
X5.99022 Y-1.48346
X5.99022 Y-1.48246
X5.99222 Y-1.48246
X5.99222 Y-1.48146
X5.99422 Y-1.48146
X5.99422 Y-1.48046
X5.99522 Y-1.48046
X5.99522 Y-1.47846
X5.99622 Y-1.47846
X5.99622 Y-1.47746
X5.99722 Y-1.47746
X5.99722 Y-1.47546
X5.99822 Y-1.47546
X5.99822 Y-1.45346
X5.97122 Y-1.45346
X5.97122 Y-1.45446
G04 P0 ( dwell for no time -- G64 should not smooth over this point )
G00 Z0.19685 ( retract )

G00 X5.93422 Y-1.45446 ( rapid move to begin. )
G01 Z-0.00394 F3.93701 ( plunge. )
G04 P0 ( dwell for no time -- G64 should not smooth over this point )
X5.93422 Y-1.45446
X5.93422 Y-1.47146
X5.93522 Y-1.47146
X5.93522 Y-1.47446
X5.93622 Y-1.47446
X5.93622 Y-1.47646
X5.93722 Y-1.47646
X5.93722 Y-1.47746
X5.93922 Y-1.47746
X5.93922 Y-1.47846
X5.94222 Y-1.47846
X5.94222 Y-1.47946
X5.94822 Y-1.47946
X5.94822 Y-1.47846
X5.95122 Y-1.47846
X5.95122 Y-1.47746
X5.95322 Y-1.47746
X5.95322 Y-1.47646
X5.95422 Y-1.47646
X5.95422 Y-1.47446
X5.95522 Y-1.47446
X5.95522 Y-1.47146
X5.95622 Y-1.47146
X5.95622 Y-1.45346
X5.93422 Y-1.45346
X5.93422 Y-1.45446
G04 P0 ( dwell for no time -- G64 should not smooth over this point )
G00 Z0.19685 ( retract )

G00 X5.95122 Y-1.52946 ( rapid move to begin. )
G01 Z-0.00394 F3.93701 ( plunge. )
G04 P0 ( dwell for no time -- G64 should not smooth over this point )
X5.95122 Y-1.52946
X5.94722 Y-1.52946
X5.94722 Y-1.53046
X5.94322 Y-1.53046
X5.94322 Y-1.53146
X5.94122 Y-1.53146
X5.94122 Y-1.53246
X5.94022 Y-1.53246
X5.94022 Y-1.53346
X5.93922 Y-1.53346
X5.93922 Y-1.53446
X5.93822 Y-1.53446
X5.93822 Y-1.53546
X5.93722 Y-1.53546
X5.93722 Y-1.53646
X5.93622 Y-1.53646
X5.93622 Y-1.53746
X5.93522 Y-1.53746
X5.93522 Y-1.53946
X5.93422 Y-1.53946
X5.93422 Y-1.55446
X5.93522 Y-1.55446
X5.93522 Y-1.55646
X5.93622 Y-1.55646
X5.93622 Y-1.55846
X5.93722 Y-1.55846
X5.93722 Y-1.55946
X5.93822 Y-1.55946
X5.93822 Y-1.56046
X5.93922 Y-1.56046
X5.93922 Y-1.56146
X5.94022 Y-1.56146
X5.94022 Y-1.56246
X5.94322 Y-1.56246
X5.94322 Y-1.56346
X5.94722 Y-1.56346
X5.94722 Y-1.56446
X5.95122 Y-1.56446
X5.95122 Y-1.56546
X5.98022 Y-1.56546
X5.98022 Y-1.56446
X5.98422 Y-1.56446
X5.98422 Y-1.56346
X5.98822 Y-1.56346
X5.98822 Y-1.56246
X5.99122 Y-1.56246
X5.99122 Y-1.56146
X5.99222 Y-1.56146
X5.99222 Y-1.56046
X5.99322 Y-1.56046
X5.99322 Y-1.55946
X5.99422 Y-1.55946
X5.99422 Y-1.55846
X5.99522 Y-1.55846
X5.99522 Y-1.55646
X5.99622 Y-1.55646
X5.99622 Y-1.55546
X5.99722 Y-1.55546
X5.99722 Y-1.55446
X5.99822 Y-1.55446
X5.99822 Y-1.53946
X5.99722 Y-1.53946
X5.99722 Y-1.53846
X5.99622 Y-1.53846
X5.99622 Y-1.53746
X5.99522 Y-1.53746
X5.99522 Y-1.53646
X5.99422 Y-1.53646
X5.99422 Y-1.53546
X5.99322 Y-1.53546
X5.99322 Y-1.53446
X5.99222 Y-1.53446
X5.99222 Y-1.53346
X5.99122 Y-1.53346
X5.99122 Y-1.53246
X5.99022 Y-1.53246
X5.99022 Y-1.53146
X5.98822 Y-1.53146
X5.98822 Y-1.53046
X5.98422 Y-1.53046
X5.98422 Y-1.52946
X5.98022 Y-1.52946
X5.98022 Y-1.52846
X5.95122 Y-1.52846
X5.95122 Y-1.52946
G04 P0 ( dwell for no time -- G64 should not smooth over this point )
G00 Z0.19685 ( retract )

G00 X4.30222 Y-1.52946 ( rapid move to begin. )
G01 Z-0.00394 F3.93701 ( plunge. )
G04 P0 ( dwell for no time -- G64 should not smooth over this point )
X4.30222 Y-1.52946
X4.29822 Y-1.52946
X4.29822 Y-1.53046
X4.29522 Y-1.53046
X4.29522 Y-1.53146
X4.29322 Y-1.53146
X4.29322 Y-1.53246
X4.29122 Y-1.53246
X4.29122 Y-1.53346
X4.28922 Y-1.53346
X4.28922 Y-1.53446
X4.28822 Y-1.53446
X4.28822 Y-1.53546
X4.28722 Y-1.53546
X4.28722 Y-1.53646
X4.28622 Y-1.53646
X4.28622 Y-1.53746
X4.28522 Y-1.53746
X4.28522 Y-1.53846
X4.28422 Y-1.53846
X4.28422 Y-1.53946
X4.28322 Y-1.53946
X4.28322 Y-1.54046
X4.28222 Y-1.54046
X4.28222 Y-1.54146
X4.28122 Y-1.54146
X4.28122 Y-1.54246
X4.28022 Y-1.54246
X4.28022 Y-1.54346
X4.27922 Y-1.54346
X4.27922 Y-1.54446
X4.27822 Y-1.54446
X4.27822 Y-1.54546
X4.27722 Y-1.54546
X4.27722 Y-1.54646
X4.27622 Y-1.54646
X4.27622 Y-1.54746
X4.27522 Y-1.54746
X4.27522 Y-1.54846
X4.27422 Y-1.54846
X4.27422 Y-1.54946
X4.27322 Y-1.54946
X4.27322 Y-1.55046
X4.27222 Y-1.55046
X4.27222 Y-1.55146
X4.27122 Y-1.55146
X4.27122 Y-1.55246
X4.27022 Y-1.55246
X4.27022 Y-1.55346
X4.26922 Y-1.55346
X4.26922 Y-1.55446
X4.26822 Y-1.55446
X4.26822 Y-1.55546
X4.26722 Y-1.55546
X4.26722 Y-1.55646
X4.26622 Y-1.55646
X4.26622 Y-1.55746
X4.26522 Y-1.55746
X4.26522 Y-1.55846
X4.26422 Y-1.55846
X4.26422 Y-1.55946
X4.26322 Y-1.55946
X4.26322 Y-1.56046
X4.26222 Y-1.56046
X4.26222 Y-1.56146
X4.26122 Y-1.56146
X4.26122 Y-1.56246
X4.26022 Y-1.56246
X4.26022 Y-1.56346
X4.25922 Y-1.56346
X4.25922 Y-1.56446
X4.25822 Y-1.56446
X4.25822 Y-1.56546
X4.25722 Y-1.56546
X4.25722 Y-1.56646
X4.25622 Y-1.56646
X4.25622 Y-1.56746
X4.25522 Y-1.56746
X4.25522 Y-1.56846
X4.25422 Y-1.56846
X4.25422 Y-1.56946
X4.25322 Y-1.56946
X4.25322 Y-1.57046
X4.25222 Y-1.57046
X4.25222 Y-1.57146
X4.25122 Y-1.57146
X4.25122 Y-1.57246
X4.25022 Y-1.57246
X4.25022 Y-1.57346
X4.24922 Y-1.57346
X4.24922 Y-1.57446
X4.24822 Y-1.57446
X4.24822 Y-1.57546
X4.24722 Y-1.57546
X4.24722 Y-1.57646
X4.24622 Y-1.57646
X4.24622 Y-1.57846
X4.24522 Y-1.57846
X4.24522 Y-1.57946
X4.24422 Y-1.57946
X4.24422 Y-1.58046
X4.24322 Y-1.58046
X4.24322 Y-1.58146
X4.24222 Y-1.58146
X4.24222 Y-1.58246
X4.24122 Y-1.58246
X4.24122 Y-1.58346
X4.24022 Y-1.58346
X4.24022 Y-1.58446
X4.23922 Y-1.58446
X4.23922 Y-1.58546
X4.23822 Y-1.58546
X4.23822 Y-1.58646
X4.23722 Y-1.58646
X4.23722 Y-1.58746
X4.23622 Y-1.58746
X4.23622 Y-1.58846
X4.23522 Y-1.58846
X4.23522 Y-1.58946
X4.23422 Y-1.58946
X4.23422 Y-1.59046
X4.23322 Y-1.59046
X4.23322 Y-1.59146
X4.23222 Y-1.59146
X4.23222 Y-1.59246
X4.23122 Y-1.59246
X4.23122 Y-1.59346
X4.23022 Y-1.59346
X4.23022 Y-1.59446
X4.22922 Y-1.59446
X4.22922 Y-1.59546
X4.22822 Y-1.59546
X4.22822 Y-1.59746
X4.22722 Y-1.59746
X4.22722 Y-1.59846
X4.22622 Y-1.59846
X4.22622 Y-1.60046
X4.22522 Y-1.60046
X4.22522 Y-1.60246
X4.22422 Y-1.60246
X4.22422 Y-1.60546
X4.22322 Y-1.60546
X4.22322 Y-1.60946
X4.22222 Y-1.60946
X4.22222 Y-1.72846
X4.20922 Y-1.72846
X4.20922 Y-1.72946
X4.20622 Y-1.72946
X4.20622 Y-1.73046
X4.20422 Y-1.73046
X4.20422 Y-1.73146
X4.20322 Y-1.73146
X4.20322 Y-1.73246
X4.20222 Y-1.73246
X4.20222 Y-1.73446
X4.20122 Y-1.73446
X4.20122 Y-1.82546
X4.20222 Y-1.82546
X4.20222 Y-1.82746
X4.20322 Y-1.82746
X4.20322 Y-1.82846
X4.20422 Y-1.82846
X4.20422 Y-1.82946
X4.20622 Y-1.82946
X4.20622 Y-1.83046
X4.20922 Y-1.83046
X4.20922 Y-1.83146
X4.23622 Y-1.83146
X4.23622 Y-1.85246
X4.23522 Y-1.85246
X4.23522 Y-1.85346
X4.23422 Y-1.85346
X4.23422 Y-1.85446
X4.23322 Y-1.85446
X4.23322 Y-1.85546
X4.23222 Y-1.85546
X4.23222 Y-1.85646
X4.23122 Y-1.85646
X4.23122 Y-1.85746
X4.23022 Y-1.85746
X4.23022 Y-1.85846
X4.22922 Y-1.85846
X4.22922 Y-1.85946
X4.22822 Y-1.85946
X4.22822 Y-1.86046
X4.22722 Y-1.86046
X4.22722 Y-1.86146
X4.22622 Y-1.86146
X4.22622 Y-1.86246
X4.22522 Y-1.86246
X4.22522 Y-1.86346
X4.22422 Y-1.86346
X4.22422 Y-1.86446
X4.22322 Y-1.86446
X4.22322 Y-1.86546
X4.22222 Y-1.86546
X4.22222 Y-1.86646
X4.22122 Y-1.86646
X4.22122 Y-1.86746
X4.22022 Y-1.86746
X4.22022 Y-1.86846
X4.21922 Y-1.86846
X4.21922 Y-1.86946
X4.21822 Y-1.86946
X4.21822 Y-1.87046
X4.21722 Y-1.87046
X4.21722 Y-1.87146
X4.21622 Y-1.87146
X4.21622 Y-1.87246
X4.21522 Y-1.87246
X4.21522 Y-1.87346
X4.21422 Y-1.87346
X4.21422 Y-1.87446
X4.21322 Y-1.87446
X4.21322 Y-1.87546
X4.21222 Y-1.87546
X4.21222 Y-1.87646
X4.21122 Y-1.87646
X4.21122 Y-1.87746
X4.21022 Y-1.87746
X4.21022 Y-1.87846
X4.20922 Y-1.87846
X4.20922 Y-1.87946
X4.20822 Y-1.87946
X4.20822 Y-1.88046
X4.20722 Y-1.88046
X4.20722 Y-1.88146
X4.20622 Y-1.88146
X4.20622 Y-1.88246
X4.20522 Y-1.88246
X4.20522 Y-1.88346
X4.20422 Y-1.88346
X4.20422 Y-1.88446
X4.20322 Y-1.88446
X4.20322 Y-1.88546
X4.20222 Y-1.88546
X4.20222 Y-1.88646
X4.20122 Y-1.88646
X4.20122 Y-1.88746
X4.20022 Y-1.88746
X4.20022 Y-1.88846
X4.19922 Y-1.88846
X4.19922 Y-1.88946
X4.19822 Y-1.88946
X4.19822 Y-1.89046
X4.19722 Y-1.89046
X4.19722 Y-1.89146
X4.19622 Y-1.89146
X4.19622 Y-1.89246
X4.19522 Y-1.89246
X4.19522 Y-1.89346
X4.19422 Y-1.89346
X4.19422 Y-1.89446
X4.19322 Y-1.89446
X4.19322 Y-1.89546
X4.19222 Y-1.89546
X4.19222 Y-1.89646
X4.19122 Y-1.89646
X4.19122 Y-1.89746
X4.19022 Y-1.89746
X4.19022 Y-1.89846
X4.18922 Y-1.89846
X4.18922 Y-1.89946
X4.18822 Y-1.89946
X4.18822 Y-1.90046
X4.18722 Y-1.90046
X4.18722 Y-1.90146
X4.18622 Y-1.90146
X4.18622 Y-1.90246
X4.18522 Y-1.90246
X4.18522 Y-1.90346
X4.18422 Y-1.90346
X4.18422 Y-1.90446
X4.18322 Y-1.90446
X4.18322 Y-1.90646
X4.18222 Y-1.90646
X4.18222 Y-1.91046
X4.18122 Y-1.91046
X4.18122 Y-2.35646
X4.17622 Y-2.35646
X4.17622 Y-2.35746
X4.17322 Y-2.35746
X4.17322 Y-2.35846
X4.17022 Y-2.35846
X4.17022 Y-2.35946
X4.16922 Y-2.35946
X4.16922 Y-2.36046
X4.16722 Y-2.36046
X4.16722 Y-2.36146
X4.16622 Y-2.36146
X4.16622 Y-2.36246
X4.16522 Y-2.36246
X4.16522 Y-2.36346
X4.16322 Y-2.36346
X4.16322 Y-2.36446
X4.16222 Y-2.36446
X4.16222 Y-2.36546
X4.16122 Y-2.36546
X4.16122 Y-2.36646
X4.16022 Y-2.36646
X4.16022 Y-2.36746
X4.15922 Y-2.36746
X4.15922 Y-2.36946
X4.15822 Y-2.36946
X4.15822 Y-2.37146
X4.15722 Y-2.37146
X4.15722 Y-2.37246
X4.15622 Y-2.37246
X4.15622 Y-2.37446
X4.15522 Y-2.37446
X4.15522 Y-2.37746
X4.15422 Y-2.37746
X4.15422 Y-2.38346
X4.15322 Y-2.38346
X4.15322 Y-2.39246
X4.15422 Y-2.39246
X4.15422 Y-2.39846
X4.15522 Y-2.39846
X4.15522 Y-2.40146
X4.15622 Y-2.40146
X4.15622 Y-2.40346
X4.15722 Y-2.40346
X4.15722 Y-2.40446
X4.15822 Y-2.40446
X4.15822 Y-2.40646
X4.15922 Y-2.40646
X4.15922 Y-2.40846
X4.16022 Y-2.40846
X4.16022 Y-2.40946
X4.16122 Y-2.40946
X4.16122 Y-2.41046
X4.16222 Y-2.41046
X4.16222 Y-2.41146
X4.16322 Y-2.41146
X4.16322 Y-2.41246
X4.16522 Y-2.41246
X4.16522 Y-2.41346
X4.16622 Y-2.41346
X4.16622 Y-2.41446
X4.16722 Y-2.41446
X4.16722 Y-2.41546
X4.16922 Y-2.41546
X4.16922 Y-2.41646
X4.17022 Y-2.41646
X4.17022 Y-2.41746
X4.17322 Y-2.41746
X4.17322 Y-2.41846
X4.17622 Y-2.41846
X4.17622 Y-2.41946
X4.22522 Y-2.41946
X4.22522 Y-2.41846
X4.22822 Y-2.41846
X4.22822 Y-2.41746
X4.23122 Y-2.41746
X4.23122 Y-2.41646
X4.23222 Y-2.41646
X4.23222 Y-2.41546
X4.23422 Y-2.41546
X4.23422 Y-2.41446
X4.23522 Y-2.41446
X4.23522 Y-2.41346
X4.23622 Y-2.41346
X4.23622 Y-2.41246
X4.23822 Y-2.41246
X4.23822 Y-2.41146
X4.23922 Y-2.41146
X4.23922 Y-2.41046
X4.24022 Y-2.41046
X4.24022 Y-2.40946
X4.24122 Y-2.40946
X4.24122 Y-2.40846
X4.24222 Y-2.40846
X4.24222 Y-2.40646
X4.24322 Y-2.40646
X4.24322 Y-2.40446
X4.24422 Y-2.40446
X4.24422 Y-2.40346
X4.24522 Y-2.40346
X4.24522 Y-2.40146
X4.24622 Y-2.40146
X4.24622 Y-2.39846
X4.24722 Y-2.39846
X4.24722 Y-2.39246
X4.24822 Y-2.39246
X4.24822 Y-2.38346
X4.24722 Y-2.38346
X4.24722 Y-2.37746
X4.24622 Y-2.37746
X4.24622 Y-2.37446
X4.24522 Y-2.37446
X4.24522 Y-2.37246
X4.24422 Y-2.37246
X4.24422 Y-2.37146
X4.24322 Y-2.37146
X4.24322 Y-2.36946
X4.24222 Y-2.36946
X4.24222 Y-2.36746
X4.24122 Y-2.36746
X4.24122 Y-2.36646
X4.24022 Y-2.36646
X4.24022 Y-2.36546
X4.23922 Y-2.36546
X4.23922 Y-2.36446
X4.23822 Y-2.36446
X4.23822 Y-2.36346
X4.23622 Y-2.36346
X4.23622 Y-2.36246
X4.23522 Y-2.36246
X4.23522 Y-2.36146
X4.23422 Y-2.36146
X4.23422 Y-2.36046
X4.23222 Y-2.36046
X4.23222 Y-2.35946
X4.23122 Y-2.35946
X4.23122 Y-2.35846
X4.22822 Y-2.35846
X4.22822 Y-2.35746
X4.22522 Y-2.35746
X4.22522 Y-2.35646
X4.21322 Y-2.35646
X4.21322 Y-1.91946
X4.21422 Y-1.91946
X4.21422 Y-1.91846
X4.21522 Y-1.91846
X4.21522 Y-1.91746
X4.21622 Y-1.91746
X4.21622 Y-1.91646
X4.21722 Y-1.91646
X4.21722 Y-1.91546
X4.21822 Y-1.91546
X4.21822 Y-1.91446
X4.21922 Y-1.91446
X4.21922 Y-1.91346
X4.22022 Y-1.91346
X4.22022 Y-1.91246
X4.22122 Y-1.91246
X4.22122 Y-1.91146
X4.22222 Y-1.91146
X4.22222 Y-1.91046
X4.22322 Y-1.91046
X4.22322 Y-1.90946
X4.22422 Y-1.90946
X4.22422 Y-1.90846
X4.22522 Y-1.90846
X4.22522 Y-1.90746
X4.22622 Y-1.90746
X4.22622 Y-1.90646
X4.22722 Y-1.90646
X4.22722 Y-1.90546
X4.22822 Y-1.90546
X4.22822 Y-1.90446
X4.22922 Y-1.90446
X4.22922 Y-1.90346
X4.23022 Y-1.90346
X4.23022 Y-1.90246
X4.23122 Y-1.90246
X4.23122 Y-1.90146
X4.23222 Y-1.90146
X4.23222 Y-1.90046
X4.23322 Y-1.90046
X4.23322 Y-1.89946
X4.23422 Y-1.89946
X4.23422 Y-1.89846
X4.23522 Y-1.89846
X4.23522 Y-1.89746
X4.23622 Y-1.89746
X4.23622 Y-1.89646
X4.23722 Y-1.89646
X4.23722 Y-1.89546
X4.23822 Y-1.89546
X4.23822 Y-1.89446
X4.23922 Y-1.89446
X4.23922 Y-1.89346
X4.24022 Y-1.89346
X4.24022 Y-1.89246
X4.24122 Y-1.89246
X4.24122 Y-1.89146
X4.24222 Y-1.89146
X4.24222 Y-1.89046
X4.24322 Y-1.89046
X4.24322 Y-1.88946
X4.24422 Y-1.88946
X4.24422 Y-1.88846
X4.24522 Y-1.88846
X4.24522 Y-1.88746
X4.24622 Y-1.88746
X4.24622 Y-1.88646
X4.24722 Y-1.88646
X4.24722 Y-1.88546
X4.24822 Y-1.88546
X4.24822 Y-1.88446
X4.24922 Y-1.88446
X4.24922 Y-1.88346
X4.25022 Y-1.88346
X4.25022 Y-1.88246
X4.25122 Y-1.88246
X4.25122 Y-1.88146
X4.25222 Y-1.88146
X4.25222 Y-1.88046
X4.25322 Y-1.88046
X4.25322 Y-1.87946
X4.25422 Y-1.87946
X4.25422 Y-1.87846
X4.25522 Y-1.87846
X4.25522 Y-1.87746
X4.25622 Y-1.87746
X4.25622 Y-1.87646
X4.25722 Y-1.87646
X4.25722 Y-1.87546
X4.25822 Y-1.87546
X4.25822 Y-1.87446
X4.25922 Y-1.87446
X4.25922 Y-1.87346
X4.26022 Y-1.87346
X4.26022 Y-1.87246
X4.26122 Y-1.87246
X4.26122 Y-1.87146
X4.26222 Y-1.87146
X4.26222 Y-1.87046
X4.26322 Y-1.87046
X4.26322 Y-1.86946
X4.26422 Y-1.86946
X4.26422 Y-1.86846
X4.26522 Y-1.86846
X4.26522 Y-1.86746
X4.26622 Y-1.86746
X4.26622 Y-1.86546
X4.26722 Y-1.86546
X4.26722 Y-1.86146
X4.26822 Y-1.86146
X4.26822 Y-1.83146
X4.29622 Y-1.83146
X4.29622 Y-1.83046
X4.29922 Y-1.83046
X4.29922 Y-1.82946
X4.30122 Y-1.82946
X4.30122 Y-1.82846
X4.30222 Y-1.82846
X4.30222 Y-1.82746
X4.30322 Y-1.82746
X4.30322 Y-1.82546
X4.30422 Y-1.82546
X4.30422 Y-1.73446
X4.30322 Y-1.73446
X4.30322 Y-1.73246
X4.30222 Y-1.73246
X4.30222 Y-1.73146
X4.30122 Y-1.73146
X4.30122 Y-1.73046
X4.29922 Y-1.73046
X4.29922 Y-1.72946
X4.29622 Y-1.72946
X4.29622 Y-1.72846
X4.28222 Y-1.72846
X4.28222 Y-1.62646
X4.28322 Y-1.62646
X4.28322 Y-1.62546
X4.28422 Y-1.62546
X4.28422 Y-1.62446
X4.28522 Y-1.62446
X4.28522 Y-1.62346
X4.28622 Y-1.62346
X4.28622 Y-1.62246
X4.28722 Y-1.62246
X4.28722 Y-1.62146
X4.28822 Y-1.62146
X4.28822 Y-1.62046
X4.28922 Y-1.62046
X4.28922 Y-1.61946
X4.29022 Y-1.61946
X4.29022 Y-1.61846
X4.29122 Y-1.61846
X4.29122 Y-1.61746
X4.29222 Y-1.61746
X4.29222 Y-1.61646
X4.29322 Y-1.61646
X4.29322 Y-1.61546
X4.29422 Y-1.61546
X4.29422 Y-1.61446
X4.29522 Y-1.61446
X4.29522 Y-1.61346
X4.29622 Y-1.61346
X4.29622 Y-1.61246
X4.29722 Y-1.61246
X4.29722 Y-1.61146
X4.29822 Y-1.61146
X4.29822 Y-1.61046
X4.29922 Y-1.61046
X4.29922 Y-1.60946
X4.30022 Y-1.60946
X4.30022 Y-1.60846
X4.30122 Y-1.60846
X4.30122 Y-1.60746
X4.30222 Y-1.60746
X4.30222 Y-1.60646
X4.30322 Y-1.60646
X4.30322 Y-1.60546
X4.30422 Y-1.60546
X4.30422 Y-1.60446
X4.30522 Y-1.60446
X4.30522 Y-1.60346
X4.30622 Y-1.60346
X4.30622 Y-1.60246
X4.30722 Y-1.60246
X4.30722 Y-1.60146
X4.30822 Y-1.60146
X4.30822 Y-1.60046
X4.30922 Y-1.60046
X4.30922 Y-1.59946
X4.31022 Y-1.59946
X4.31022 Y-1.59846
X4.31122 Y-1.59846
X4.31122 Y-1.59746
X4.31222 Y-1.59746
X4.31222 Y-1.59646
X4.31322 Y-1.59646
X4.31322 Y-1.59546
X4.31422 Y-1.59546
X4.31422 Y-1.59346
X4.31522 Y-1.59346
X4.31522 Y-1.59246
X4.31622 Y-1.59246
X4.31622 Y-1.59146
X4.31722 Y-1.59146
X4.31722 Y-1.59046
X4.31822 Y-1.59046
X4.31822 Y-1.58946
X4.31922 Y-1.58946
X4.31922 Y-1.58846
X4.91922 Y-1.58846
X4.91922 Y-1.58946
X4.91822 Y-1.58946
X4.91822 Y-1.59046
X4.91722 Y-1.59046
X4.91722 Y-1.59146
X4.91622 Y-1.59146
X4.91622 Y-1.59246
X4.91522 Y-1.59246
X4.91522 Y-1.59346
X4.91422 Y-1.59346
X4.91422 Y-1.59446
X4.91322 Y-1.59446
X4.91322 Y-1.59546
X4.91222 Y-1.59546
X4.91222 Y-1.59746
X4.91122 Y-1.59746
X4.91122 Y-1.59846
X4.91022 Y-1.59846
X4.91022 Y-1.59946
X4.90922 Y-1.59946
X4.90922 Y-1.60046
X4.90822 Y-1.60046
X4.90822 Y-1.60146
X4.90722 Y-1.60146
X4.90722 Y-1.60246
X4.90622 Y-1.60246
X4.90622 Y-1.60346
X4.90522 Y-1.60346
X4.90522 Y-1.60446
X4.90422 Y-1.60446
X4.90422 Y-1.60546
X4.90322 Y-1.60546
X4.90322 Y-1.60646
X4.90222 Y-1.60646
X4.90222 Y-1.60746
X4.90122 Y-1.60746
X4.90122 Y-1.60846
X4.90022 Y-1.60846
X4.90022 Y-1.60946
X4.89922 Y-1.60946
X4.89922 Y-1.61046
X4.89822 Y-1.61046
X4.89822 Y-1.61146
X4.89722 Y-1.61146
X4.89722 Y-1.61246
X4.89622 Y-1.61246
X4.89622 Y-1.61346
X4.89522 Y-1.61346
X4.89522 Y-1.61446
X4.89422 Y-1.61446
X4.89422 Y-1.61546
X4.89322 Y-1.61546
X4.89322 Y-1.61646
X4.89222 Y-1.61646
X4.89222 Y-1.61746
X4.89122 Y-1.61746
X4.89122 Y-1.61846
X4.89022 Y-1.61846
X4.89022 Y-1.61946
X4.88922 Y-1.61946
X4.88922 Y-1.62046
X4.88822 Y-1.62046
X4.88822 Y-1.62146
X4.88722 Y-1.62146
X4.88722 Y-1.62246
X4.88622 Y-1.62246
X4.88622 Y-1.62346
X4.88522 Y-1.62346
X4.88522 Y-1.62546
X4.88422 Y-1.62546
X4.88422 Y-1.62646
X4.88322 Y-1.62646
X4.88322 Y-1.62846
X4.88222 Y-1.62846
X4.88222 Y-1.63046
X4.88122 Y-1.63046
X4.88122 Y-1.63346
X4.88022 Y-1.63346
X4.88022 Y-1.63746
X4.87922 Y-1.63746
X4.87922 Y-1.73646
X4.87822 Y-1.73646
X4.87822 Y-1.73746
X4.87722 Y-1.73746
X4.87722 Y-1.73846
X4.87522 Y-1.73846
X4.87522 Y-1.73946
X4.87422 Y-1.73946
X4.87422 Y-1.74046
X4.87322 Y-1.74046
X4.87322 Y-1.74146
X4.87222 Y-1.74146
X4.87222 Y-1.74246
X4.87122 Y-1.74246
X4.87122 Y-1.74346
X4.87022 Y-1.74346
X4.87022 Y-1.74446
X4.86922 Y-1.74446
X4.86922 Y-1.74546
X4.86822 Y-1.74546
X4.86822 Y-1.74746
X4.86722 Y-1.74746
X4.86722 Y-1.74846
X4.86622 Y-1.74846
X4.86622 Y-1.75046
X4.86522 Y-1.75046
X4.86522 Y-1.75246
X4.86422 Y-1.75246
X4.86422 Y-1.75346
X4.86322 Y-1.75346
X4.86322 Y-1.75546
X4.86222 Y-1.75546
X4.86222 Y-1.75846
X4.86122 Y-1.75846
X4.86122 Y-1.76146
X4.86022 Y-1.76146
X4.86022 Y-1.76446
X4.85922 Y-1.76446
X4.85922 Y-1.77146
X4.85822 Y-1.77146
X4.85822 Y-1.78646
X4.85922 Y-1.78646
X4.85922 Y-1.79346
X4.86022 Y-1.79346
X4.86022 Y-1.79646
X4.86122 Y-1.79646
X4.86122 Y-1.79946
X4.86222 Y-1.79946
X4.86222 Y-1.80246
X4.86322 Y-1.80246
X4.86322 Y-1.80446
X4.86422 Y-1.80446
X4.86422 Y-1.80546
X4.86522 Y-1.80546
X4.86522 Y-1.80746
X4.86622 Y-1.80746
X4.86622 Y-1.80946
X4.86722 Y-1.80946
X4.86722 Y-1.81046
X4.86822 Y-1.81046
X4.86822 Y-1.81246
X4.86922 Y-1.81246
X4.86922 Y-1.81346
X4.87022 Y-1.81346
X4.87022 Y-1.81446
X4.87122 Y-1.81446
X4.87122 Y-1.81546
X4.87222 Y-1.81546
X4.87222 Y-1.81646
X4.87322 Y-1.81646
X4.87322 Y-1.81746
X4.87422 Y-1.81746
X4.87422 Y-1.81846
X4.87522 Y-1.81846
X4.87522 Y-1.81946
X4.87722 Y-1.81946
X4.87722 Y-1.82046
X4.87822 Y-1.82046
X4.87822 Y-1.82146
X4.88022 Y-1.82146
X4.88022 Y-1.82246
X4.88122 Y-1.82246
X4.88122 Y-1.82346
X4.88322 Y-1.82346
X4.88322 Y-1.82446
X4.88522 Y-1.82446
X4.88522 Y-1.82546
X4.88722 Y-1.82546
X4.88722 Y-1.82646
X4.88922 Y-1.82646
X4.88922 Y-1.82746
X4.89222 Y-1.82746
X4.89222 Y-1.82846
X4.89622 Y-1.82846
X4.89622 Y-1.82946
X4.90122 Y-1.82946
X4.90122 Y-1.83046
X4.91822 Y-1.83046
X4.91822 Y-1.82946
X4.92322 Y-1.82946
X4.92322 Y-1.82846
X4.92722 Y-1.82846
X4.92722 Y-1.82746
X4.93022 Y-1.82746
X4.93022 Y-1.82646
X4.93222 Y-1.82646
X4.93222 Y-1.82546
X4.93422 Y-1.82546
X4.93422 Y-1.82446
X4.93622 Y-1.82446
X4.93622 Y-1.82346
X4.93822 Y-1.82346
X4.93822 Y-1.82246
X4.94022 Y-1.82246
X4.94022 Y-1.82146
X4.94122 Y-1.82146
X4.94122 Y-1.82046
X4.94222 Y-1.82046
X4.94222 Y-1.81946
X4.94422 Y-1.81946
X4.94422 Y-1.81846
X4.94522 Y-1.81846
X4.94522 Y-1.81746
X4.94622 Y-1.81746
X4.94622 Y-1.81646
X4.94722 Y-1.81646
X4.94722 Y-1.81546
X4.94822 Y-1.81546
X4.94822 Y-1.81446
X4.94922 Y-1.81446
X4.94922 Y-1.81346
X4.95022 Y-1.81346
X4.95022 Y-1.81246
X4.95122 Y-1.81246
X4.95122 Y-1.81046
X4.95222 Y-1.81046
X4.95222 Y-1.80946
X4.95322 Y-1.80946
X4.95322 Y-1.80746
X4.95422 Y-1.80746
X4.95422 Y-1.80546
X4.95522 Y-1.80546
X4.95522 Y-1.80446
X4.95622 Y-1.80446
X4.95622 Y-1.80246
X4.95722 Y-1.80246
X4.95722 Y-1.79946
X4.95822 Y-1.79946
X4.95822 Y-1.79646
X4.95922 Y-1.79646
X4.95922 Y-1.79346
X4.96022 Y-1.79346
X4.96022 Y-1.78646
X4.96122 Y-1.78646
X4.96122 Y-1.77146
X4.96022 Y-1.77146
X4.96022 Y-1.76446
X4.95922 Y-1.76446
X4.95922 Y-1.76146
X4.95822 Y-1.76146
X4.95822 Y-1.75846
X4.95722 Y-1.75846
X4.95722 Y-1.75546
X4.95622 Y-1.75546
X4.95622 Y-1.75346
X4.95522 Y-1.75346
X4.95522 Y-1.75246
X4.95422 Y-1.75246
X4.95422 Y-1.75046
X4.95322 Y-1.75046
X4.95322 Y-1.74846
X4.95222 Y-1.74846
X4.95222 Y-1.74746
X4.95122 Y-1.74746
X4.95122 Y-1.74546
X4.95022 Y-1.74546
X4.95022 Y-1.74446
X4.94922 Y-1.74446
X4.94922 Y-1.74346
X4.94822 Y-1.74346
X4.94822 Y-1.74246
X4.94722 Y-1.74246
X4.94722 Y-1.74146
X4.94622 Y-1.74146
X4.94622 Y-1.74046
X4.94522 Y-1.74046
X4.94522 Y-1.73946
X4.94422 Y-1.73946
X4.94422 Y-1.73846
X4.94222 Y-1.73846
X4.94222 Y-1.73746
X4.94122 Y-1.73746
X4.94122 Y-1.73646
X4.94022 Y-1.73646
X4.94022 Y-1.73546
X4.93922 Y-1.73546
X4.93922 Y-1.65446
X4.94022 Y-1.65446
X4.94022 Y-1.65346
X4.94122 Y-1.65346
X4.94122 Y-1.65246
X4.94222 Y-1.65246
X4.94222 Y-1.65146
X4.94322 Y-1.65146
X4.94322 Y-1.65046
X4.94422 Y-1.65046
X4.94422 Y-1.64946
X4.94522 Y-1.64946
X4.94522 Y-1.64846
X4.94622 Y-1.64846
X4.94622 Y-1.64746
X4.94722 Y-1.64746
X4.94722 Y-1.64646
X4.94822 Y-1.64646
X4.94822 Y-1.64546
X4.94922 Y-1.64546
X4.94922 Y-1.64446
X4.95022 Y-1.64446
X4.95022 Y-1.64346
X4.95122 Y-1.64346
X4.95122 Y-1.64246
X4.95222 Y-1.64246
X4.95222 Y-1.64146
X4.95322 Y-1.64146
X4.95322 Y-1.64046
X4.95422 Y-1.64046
X4.95422 Y-1.63946
X4.95522 Y-1.63946
X4.95522 Y-1.63846
X4.95622 Y-1.63846
X4.95622 Y-1.63746
X4.95722 Y-1.63746
X4.95722 Y-1.63646
X4.95822 Y-1.63646
X4.95822 Y-1.63546
X4.95922 Y-1.63546
X4.95922 Y-1.63446
X4.96022 Y-1.63446
X4.96022 Y-1.63346
X4.96122 Y-1.63346
X4.96122 Y-1.63246
X4.96222 Y-1.63246
X4.96222 Y-1.63146
X4.96322 Y-1.63146
X4.96322 Y-1.63046
X4.96422 Y-1.63046
X4.96422 Y-1.62946
X4.96522 Y-1.62946
X4.96522 Y-1.62846
X4.96622 Y-1.62846
X4.96622 Y-1.62746
X4.96722 Y-1.62746
X4.96722 Y-1.62646
X4.96822 Y-1.62646
X4.96822 Y-1.62546
X4.96922 Y-1.62546
X4.96922 Y-1.62446
X4.97022 Y-1.62446
X4.97022 Y-1.62346
X4.97122 Y-1.62346
X4.97122 Y-1.62246
X4.97222 Y-1.62246
X4.97222 Y-1.62146
X4.97322 Y-1.62146
X4.97322 Y-1.62046
X4.97422 Y-1.62046
X4.97422 Y-1.61946
X4.97522 Y-1.61946
X4.97522 Y-1.61846
X4.97622 Y-1.61846
X4.97622 Y-1.61746
X4.97722 Y-1.61746
X4.97722 Y-1.61646
X4.97822 Y-1.61646
X4.97822 Y-1.61546
X4.97922 Y-1.61546
X4.97922 Y-1.61446
X4.98022 Y-1.61446
X4.98022 Y-1.61346
X4.98122 Y-1.61346
X4.98122 Y-1.61246
X4.98222 Y-1.61246
X4.98222 Y-1.61146
X4.98322 Y-1.61146
X4.98322 Y-1.61046
X4.98422 Y-1.61046
X4.98422 Y-1.60946
X4.98522 Y-1.60946
X4.98522 Y-1.60846
X4.98622 Y-1.60846
X4.98622 Y-1.60746
X4.98722 Y-1.60746
X4.98722 Y-1.60646
X4.98822 Y-1.60646
X4.98822 Y-1.60546
X4.98922 Y-1.60546
X4.98922 Y-1.60446
X4.99022 Y-1.60446
X4.99022 Y-1.60346
X4.99122 Y-1.60346
X4.99122 Y-1.60146
X4.99222 Y-1.60146
X4.99222 Y-1.60046
X4.99322 Y-1.60046
X4.99322 Y-1.59946
X4.99422 Y-1.59946
X4.99422 Y-1.59846
X4.99522 Y-1.59846
X4.99522 Y-1.59746
X4.99622 Y-1.59746
X4.99622 Y-1.59646
X4.99722 Y-1.59646
X4.99722 Y-1.59546
X4.99822 Y-1.59546
X4.99822 Y-1.59446
X4.99922 Y-1.59446
X4.99922 Y-1.59346
X5.00022 Y-1.59346
X5.00022 Y-1.59246
X5.00122 Y-1.59246
X5.00122 Y-1.59146
X5.00222 Y-1.59146
X5.00222 Y-1.59046
X5.00322 Y-1.59046
X5.00322 Y-1.58946
X5.00422 Y-1.58946
X5.00422 Y-1.58846
X5.71222 Y-1.58846
X5.71222 Y-1.58946
X5.71322 Y-1.58946
X5.71322 Y-1.59046
X5.71422 Y-1.59046
X5.71422 Y-1.59146
X5.71522 Y-1.59146
X5.71522 Y-1.59246
X5.71622 Y-1.59246
X5.71622 Y-1.59346
X5.71722 Y-1.59346
X5.71722 Y-1.59446
X5.71822 Y-1.59446
X5.71822 Y-1.59546
X5.71922 Y-1.59546
X5.71922 Y-1.59646
X5.72022 Y-1.59646
X5.72022 Y-1.59746
X5.72122 Y-1.59746
X5.72122 Y-1.59846
X5.72222 Y-1.59846
X5.72222 Y-1.59946
X5.72322 Y-1.59946
X5.72322 Y-1.60046
X5.72422 Y-1.60046
X5.72422 Y-1.60146
X5.72522 Y-1.60146
X5.72522 Y-1.60246
X5.72622 Y-1.60246
X5.72622 Y-1.60346
X5.72722 Y-1.60346
X5.72722 Y-1.60446
X5.72822 Y-1.60446
X5.72822 Y-1.60546
X5.72922 Y-1.60546
X5.72922 Y-1.60646
X5.73022 Y-1.60646
X5.73022 Y-1.60746
X5.73122 Y-1.60746
X5.73122 Y-1.60846
X5.73222 Y-1.60846
X5.73222 Y-1.60946
X5.73322 Y-1.60946
X5.73322 Y-1.61046
X5.73422 Y-1.61046
X5.73422 Y-1.61146
X5.73522 Y-1.61146
X5.73522 Y-1.61246
X5.73622 Y-1.61246
X5.73622 Y-1.61346
X5.73722 Y-1.61346
X5.73722 Y-1.61446
X5.73822 Y-1.61446
X5.73822 Y-1.61546
X5.73922 Y-1.61546
X5.73922 Y-1.61646
X5.74022 Y-1.61646
X5.74022 Y-1.61746
X5.74122 Y-1.61746
X5.74122 Y-1.61846
X5.74222 Y-1.61846
X5.74222 Y-1.61946
X5.74322 Y-1.61946
X5.74322 Y-1.62046
X5.74422 Y-1.62046
X5.74422 Y-1.62146
X5.74522 Y-1.62146
X5.74522 Y-1.62246
X5.74622 Y-1.62246
X5.74622 Y-1.62346
X5.74722 Y-1.62346
X5.74722 Y-1.62446
X5.74822 Y-1.62446
X5.74822 Y-1.62546
X5.74922 Y-1.62546
X5.74922 Y-1.62646
X5.75022 Y-1.62646
X5.75022 Y-1.62746
X5.75122 Y-1.62746
X5.75122 Y-1.62846
X5.75222 Y-1.62846
X5.75222 Y-1.62946
X5.75322 Y-1.62946
X5.75322 Y-1.63046
X5.75422 Y-1.63046
X5.75422 Y-1.63146
X5.75522 Y-1.63146
X5.75522 Y-1.63246
X5.75622 Y-1.63246
X5.75622 Y-1.63346
X5.75722 Y-1.63346
X5.75722 Y-1.63446
X5.75822 Y-1.63446
X5.75822 Y-1.63546
X5.75922 Y-1.63546
X5.75922 Y-1.63646
X5.76022 Y-1.63646
X5.76022 Y-1.63746
X5.76122 Y-1.63746
X5.76122 Y-1.63846
X5.76222 Y-1.63846
X5.76222 Y-1.63946
X5.76322 Y-1.63946
X5.76322 Y-1.64046
X5.76422 Y-1.64046
X5.76422 Y-1.64146
X5.76522 Y-1.64146
X5.76522 Y-1.64246
X5.76622 Y-1.64246
X5.76622 Y-1.64346
X5.76722 Y-1.64346
X5.76722 Y-1.64446
X5.76822 Y-1.64446
X5.76822 Y-1.64546
X5.76922 Y-1.64546
X5.76922 Y-1.64646
X5.77022 Y-1.64646
X5.77022 Y-1.64746
X5.77122 Y-1.64746
X5.77122 Y-1.64846
X5.77222 Y-1.64846
X5.77222 Y-1.64946
X5.77322 Y-1.64946
X5.77322 Y-1.65046
X5.77422 Y-1.65046
X5.77422 Y-1.65146
X5.77522 Y-1.65146
X5.77522 Y-1.65246
X5.77622 Y-1.65246
X5.77622 Y-1.65346
X5.77722 Y-1.65346
X5.77722 Y-1.65446
X5.77822 Y-1.65446
X5.77822 Y-1.65546
X5.77922 Y-1.65546
X5.77922 Y-1.65646
X5.78022 Y-1.65646
X5.78022 Y-1.65746
X5.78122 Y-1.65746
X5.78122 Y-1.65846
X5.78222 Y-1.65846
X5.78222 Y-1.65946
X5.78322 Y-1.65946
X5.78322 Y-1.73646
X5.78222 Y-1.73646
X5.78222 Y-1.73746
X5.78122 Y-1.73746
X5.78122 Y-1.73846
X5.77922 Y-1.73846
X5.77922 Y-1.73946
X5.77822 Y-1.73946
X5.77822 Y-1.74046
X5.77722 Y-1.74046
X5.77722 Y-1.74146
X5.77622 Y-1.74146
X5.77622 Y-1.74246
X5.77522 Y-1.74246
X5.77522 Y-1.74346
X5.77422 Y-1.74346
X5.77422 Y-1.74446
X5.77322 Y-1.74446
X5.77322 Y-1.74546
X5.77222 Y-1.74546
X5.77222 Y-1.74746
X5.77122 Y-1.74746
X5.77122 Y-1.74846
X5.77022 Y-1.74846
X5.77022 Y-1.75046
X5.76922 Y-1.75046
X5.76922 Y-1.75246
X5.76822 Y-1.75246
X5.76822 Y-1.75346
X5.76722 Y-1.75346
X5.76722 Y-1.75546
X5.76622 Y-1.75546
X5.76622 Y-1.75846
X5.76522 Y-1.75846
X5.76522 Y-1.76146
X5.76422 Y-1.76146
X5.76422 Y-1.76446
X5.76322 Y-1.76446
X5.76322 Y-1.77146
X5.76222 Y-1.77146
X5.76222 Y-1.78646
X5.76322 Y-1.78646
X5.76322 Y-1.79346
X5.76422 Y-1.79346
X5.76422 Y-1.79646
X5.76522 Y-1.79646
X5.76522 Y-1.79946
X5.76622 Y-1.79946
X5.76622 Y-1.80246
X5.76722 Y-1.80246
X5.76722 Y-1.80446
X5.76822 Y-1.80446
X5.76822 Y-1.80546
X5.76922 Y-1.80546
X5.76922 Y-1.80746
X5.77022 Y-1.80746
X5.77022 Y-1.80946
X5.77122 Y-1.80946
X5.77122 Y-1.81046
X5.77222 Y-1.81046
X5.77222 Y-1.81246
X5.77322 Y-1.81246
X5.77322 Y-1.81346
X5.77422 Y-1.81346
X5.77422 Y-1.81446
X5.77522 Y-1.81446
X5.77522 Y-1.81546
X5.77622 Y-1.81546
X5.77622 Y-1.81646
X5.77722 Y-1.81646
X5.77722 Y-1.81746
X5.77822 Y-1.81746
X5.77822 Y-1.81846
X5.77922 Y-1.81846
X5.77922 Y-1.81946
X5.78122 Y-1.81946
X5.78122 Y-1.82046
X5.78222 Y-1.82046
X5.78222 Y-1.82146
X5.78422 Y-1.82146
X5.78422 Y-1.82246
X5.78522 Y-1.82246
X5.78522 Y-1.82346
X5.78722 Y-1.82346
X5.78722 Y-1.82446
X5.78922 Y-1.82446
X5.78922 Y-1.82546
X5.79122 Y-1.82546
X5.79122 Y-1.82646
X5.79322 Y-1.82646
X5.79322 Y-1.82746
X5.79622 Y-1.82746
X5.79622 Y-1.82846
X5.79722 Y-1.82846
X5.79722 Y-1.86646
X5.79622 Y-1.86646
X5.79622 Y-1.86746
X5.79522 Y-1.86746
X5.79522 Y-1.86846
X5.79422 Y-1.86846
X5.79422 Y-1.86946
X5.79322 Y-1.86946
X5.79322 Y-1.87046
X5.79222 Y-1.87046
X5.79222 Y-1.87146
X5.79122 Y-1.87146
X5.79122 Y-1.87246
X5.79022 Y-1.87246
X5.79022 Y-1.87346
X5.78922 Y-1.87346
X5.78922 Y-1.87446
X5.78822 Y-1.87446
X5.78822 Y-1.87546
X5.78722 Y-1.87546
X5.78722 Y-1.87646
X5.78622 Y-1.87646
X5.78622 Y-1.87746
X5.78522 Y-1.87746
X5.78522 Y-1.87846
X5.78422 Y-1.87846
X5.78422 Y-1.87946
X5.78322 Y-1.87946
X5.78322 Y-1.88046
X5.78222 Y-1.88046
X5.78222 Y-1.88146
X5.78122 Y-1.88146
X5.78122 Y-1.88246
X5.78022 Y-1.88246
X5.78022 Y-1.88346
X5.77922 Y-1.88346
X5.77922 Y-1.88446
X5.77822 Y-1.88446
X5.77822 Y-1.88546
X5.77722 Y-1.88546
X5.77722 Y-1.88646
X5.77622 Y-1.88646
X5.77622 Y-1.88746
X5.77522 Y-1.88746
X5.77522 Y-1.88846
X5.77422 Y-1.88846
X5.77422 Y-1.88946
X5.77322 Y-1.88946
X5.77322 Y-1.89046
X5.77222 Y-1.89046
X5.77222 Y-1.89146
X5.77122 Y-1.89146
X5.77122 Y-1.89246
X5.77022 Y-1.89246
X5.77022 Y-1.89346
X5.76922 Y-1.89346
X5.76922 Y-1.89446
X5.76822 Y-1.89446
X5.76822 Y-1.89546
X5.76722 Y-1.89546
X5.76722 Y-1.89646
X5.76622 Y-1.89646
X5.76622 Y-1.89746
X5.76522 Y-1.89746
X5.76522 Y-1.89846
X5.76422 Y-1.89846
X5.76422 Y-1.89946
X5.76322 Y-1.89946
X5.76322 Y-1.90046
X5.76222 Y-1.90046
X5.76222 Y-1.90146
X5.76122 Y-1.90146
X5.76122 Y-1.90246
X5.76022 Y-1.90246
X5.76022 Y-1.90346
X5.75922 Y-1.90346
X5.75922 Y-1.90446
X5.75822 Y-1.90446
X5.75822 Y-1.90546
X5.75722 Y-1.90546
X5.75722 Y-1.90646
X5.75622 Y-1.90646
X5.75622 Y-1.90746
X5.75522 Y-1.90746
X5.75522 Y-1.90846
X5.75422 Y-1.90846
X5.75422 Y-1.90946
X5.75322 Y-1.90946
X5.75322 Y-1.91046
X5.75222 Y-1.91046
X5.75222 Y-1.91146
X5.75122 Y-1.91146
X5.75122 Y-1.91246
X5.75022 Y-1.91246
X5.75022 Y-1.91346
X5.74922 Y-1.91346
X5.74922 Y-1.91446
X5.74822 Y-1.91446
X5.74822 Y-1.91546
X5.74722 Y-1.91546
X5.74722 Y-1.91646
X5.74622 Y-1.91646
X5.74622 Y-1.91746
X5.74522 Y-1.91746
X5.74522 Y-1.91846
X5.74422 Y-1.91846
X5.74422 Y-1.91946
X5.74322 Y-1.91946
X5.74322 Y-1.92046
X5.74222 Y-1.92046
X5.74222 Y-1.92146
X5.74122 Y-1.92146
X5.74122 Y-1.92246
X5.74022 Y-1.92246
X5.74022 Y-1.92346
X5.73922 Y-1.92346
X5.73922 Y-1.92446
X5.73822 Y-1.92446
X5.73822 Y-1.92546
X5.73722 Y-1.92546
X5.73722 Y-1.92646
X5.73622 Y-1.92646
X5.73622 Y-1.92746
X5.73522 Y-1.92746
X5.73522 Y-1.92846
X5.73422 Y-1.92846
X5.73422 Y-1.92946
X5.73322 Y-1.92946
X5.73322 Y-1.93046
X5.73222 Y-1.93046
X5.73222 Y-1.93146
X5.73122 Y-1.93146
X5.73122 Y-1.93246
X5.73022 Y-1.93246
X5.73022 Y-1.93346
X5.72922 Y-1.93346
X5.72922 Y-1.93446
X5.72822 Y-1.93446
X5.72822 Y-1.93546
X5.72722 Y-1.93546
X5.72722 Y-1.93646
X5.72622 Y-1.93646
X5.72622 Y-1.93746
X5.72522 Y-1.93746
X5.72522 Y-1.93846
X5.72422 Y-1.93846
X5.72422 Y-1.93946
X5.72322 Y-1.93946
X5.72322 Y-1.94046
X5.72222 Y-1.94046
X5.72222 Y-1.94146
X5.72122 Y-1.94146
X5.72122 Y-1.94246
X5.72022 Y-1.94246
X5.72022 Y-1.94346
X5.71922 Y-1.94346
X5.71922 Y-1.94446
X5.71822 Y-1.94446
X5.71822 Y-1.94546
X5.71722 Y-1.94546
X5.71722 Y-1.94646
X5.71622 Y-1.94646
X5.71622 Y-1.94746
X5.71522 Y-1.94746
X5.71522 Y-1.94846
X5.71422 Y-1.94846
X5.71422 Y-1.94946
X5.71322 Y-1.94946
X5.71322 Y-1.95046
X5.71222 Y-1.95046
X5.71222 Y-1.95146
X5.71122 Y-1.95146
X5.71122 Y-1.95246
X5.71022 Y-1.95246
X5.71022 Y-1.95346
X5.70922 Y-1.95346
X5.70922 Y-1.95446
X5.70822 Y-1.95446
X5.70822 Y-1.95546
X5.70722 Y-1.95546
X5.70722 Y-1.95646
X5.70622 Y-1.95646
X5.70622 Y-1.95746
X5.70522 Y-1.95746
X5.70522 Y-1.95846
X5.70422 Y-1.95846
X5.70422 Y-1.95946
X5.70322 Y-1.95946
X5.70322 Y-1.96046
X5.70222 Y-1.96046
X5.70222 Y-1.96146
X5.70122 Y-1.96146
X5.70122 Y-1.96246
X5.70022 Y-1.96246
X5.70022 Y-1.96346
X5.69922 Y-1.96346
X5.69922 Y-1.96446
X5.69822 Y-1.96446
X5.69822 Y-1.96546
X5.69722 Y-1.96546
X5.69722 Y-1.96646
X5.69622 Y-1.96646
X5.69622 Y-1.96746
X5.69522 Y-1.96746
X5.69522 Y-1.96846
X5.69422 Y-1.96846
X5.69422 Y-1.96946
X5.69322 Y-1.96946
X5.69322 Y-1.97046
X5.69222 Y-1.97046
X5.69222 Y-1.97146
X5.69122 Y-1.97146
X5.69122 Y-1.97246
X5.69022 Y-1.97246
X5.69022 Y-1.97346
X5.68922 Y-1.97346
X5.68922 Y-1.97446
X5.68822 Y-1.97446
X5.68822 Y-1.97546
X5.68722 Y-1.97546
X5.68722 Y-1.97646
X5.68622 Y-1.97646
X5.68622 Y-1.97746
X5.68522 Y-1.97746
X5.68522 Y-1.97846
X5.68422 Y-1.97846
X5.68422 Y-1.97946
X5.68322 Y-1.97946
X5.68322 Y-1.98046
X5.68222 Y-1.98046
X5.68222 Y-1.98146
X5.68122 Y-1.98146
X5.68122 Y-1.98246
X5.68022 Y-1.98246
X5.68022 Y-1.98346
X5.67922 Y-1.98346
X5.67922 Y-1.98446
X5.67822 Y-1.98446
X5.67822 Y-1.98546
X5.67722 Y-1.98546
X5.67722 Y-1.98646
X5.67622 Y-1.98646
X5.67622 Y-1.98746
X5.67522 Y-1.98746
X5.67522 Y-1.98846
X5.67422 Y-1.98846
X5.67422 Y-1.98946
X5.67322 Y-1.98946
X5.67322 Y-1.99046
X5.67222 Y-1.99046
X5.67222 Y-1.99146
X5.67122 Y-1.99146
X5.67122 Y-1.99246
X5.67022 Y-1.99246
X5.67022 Y-1.99346
X5.66922 Y-1.99346
X5.66922 Y-1.99446
X5.66822 Y-1.99446
X5.66822 Y-1.99546
X5.66722 Y-1.99546
X5.66722 Y-1.99646
X5.66622 Y-1.99646
X5.66622 Y-1.99746
X5.66522 Y-1.99746
X5.66522 Y-1.99846
X5.66422 Y-1.99846
X5.66422 Y-1.99946
X5.66322 Y-1.99946
X5.66322 Y-2.00046
X5.66222 Y-2.00046
X5.66222 Y-2.00146
X5.66122 Y-2.00146
X5.66122 Y-2.00246
X5.66022 Y-2.00246
X5.66022 Y-2.00346
X5.65922 Y-2.00346
X5.65922 Y-2.00446
X5.65822 Y-2.00446
X5.65822 Y-2.00546
X5.65722 Y-2.00546
X5.65722 Y-2.00646
X5.65622 Y-2.00646
X5.65622 Y-2.00746
X5.65522 Y-2.00746
X5.65522 Y-2.00846
X5.65422 Y-2.00846
X5.65422 Y-2.00946
X5.65322 Y-2.00946
X5.65322 Y-2.01046
X5.65222 Y-2.01046
X5.65222 Y-2.01146
X5.65122 Y-2.01146
X5.65122 Y-2.01246
X5.65022 Y-2.01246
X5.65022 Y-2.01346
X5.64922 Y-2.01346
X5.64922 Y-2.01446
X5.64822 Y-2.01446
X5.64822 Y-2.01546
X5.64722 Y-2.01546
X5.64722 Y-2.01646
X5.64622 Y-2.01646
X5.64622 Y-2.01746
X5.64522 Y-2.01746
X5.64522 Y-2.01846
X5.64422 Y-2.01846
X5.64422 Y-2.01946
X5.64322 Y-2.01946
X5.64322 Y-2.02046
X5.64222 Y-2.02046
X5.64222 Y-2.02146
X5.64122 Y-2.02146
X5.64122 Y-2.02246
X5.64022 Y-2.02246
X5.64022 Y-2.02346
X5.63922 Y-2.02346
X5.63922 Y-2.02446
X5.63822 Y-2.02446
X5.63822 Y-2.02546
X5.63722 Y-2.02546
X5.63722 Y-2.02646
X5.63622 Y-2.02646
X5.63622 Y-2.02746
X5.63522 Y-2.02746
X5.63522 Y-2.02846
X5.63422 Y-2.02846
X5.63422 Y-2.02946
X5.63322 Y-2.02946
X5.63322 Y-2.03046
X5.63222 Y-2.03046
X5.63222 Y-2.03146
X5.63122 Y-2.03146
X5.63122 Y-2.03246
X5.63022 Y-2.03246
X5.63022 Y-2.03346
X5.62922 Y-2.03346
X5.62922 Y-2.03446
X5.62822 Y-2.03446
X5.62822 Y-2.03546
X5.62722 Y-2.03546
X5.62722 Y-2.03646
X5.62622 Y-2.03646
X5.62622 Y-2.03746
X5.62522 Y-2.03746
X5.62522 Y-2.03846
X5.62422 Y-2.03846
X5.62422 Y-2.04046
X5.62322 Y-2.04046
X5.62322 Y-2.04446
X5.62222 Y-2.04446
X5.62222 Y-2.32246
X5.62122 Y-2.32246
X5.62122 Y-2.32346
X5.62022 Y-2.32346
X5.62022 Y-2.32446
X5.61922 Y-2.32446
X5.61922 Y-2.32546
X5.61822 Y-2.32546
X5.61822 Y-2.32646
X5.61722 Y-2.32646
X5.61722 Y-2.32746
X5.61622 Y-2.32746
X5.61622 Y-2.32846
X5.61522 Y-2.32846
X5.61522 Y-2.32946
X5.61422 Y-2.32946
X5.61422 Y-2.33046
X5.61322 Y-2.33046
X5.61322 Y-2.33146
X5.61222 Y-2.33146
X5.61222 Y-2.33246
X5.61122 Y-2.33246
X5.61122 Y-2.33346
X5.61022 Y-2.33346
X5.61022 Y-2.33446
X5.60922 Y-2.33446
X5.60922 Y-2.33546
X5.60822 Y-2.33546
X5.60822 Y-2.33646
X5.60722 Y-2.33646
X5.60722 Y-2.33746
X5.60622 Y-2.33746
X5.60622 Y-2.33846
X5.57222 Y-2.33846
X5.57222 Y-2.33946
X5.56922 Y-2.33946
X5.56922 Y-2.34046
X5.56622 Y-2.34046
X5.56622 Y-2.34146
X5.56522 Y-2.34146
X5.56522 Y-2.34246
X5.56322 Y-2.34246
X5.56322 Y-2.34346
X5.56222 Y-2.34346
X5.56222 Y-2.34446
X5.56122 Y-2.34446
X5.56122 Y-2.34546
X5.55922 Y-2.34546
X5.55922 Y-2.34646
X5.55822 Y-2.34646
X5.55822 Y-2.34746
X5.55722 Y-2.34746
X5.55722 Y-2.34846
X5.55622 Y-2.34846
X5.55622 Y-2.34946
X5.55522 Y-2.34946
X5.55522 Y-2.35146
X5.55422 Y-2.35146
X5.55422 Y-2.35346
X5.55322 Y-2.35346
X5.55322 Y-2.35446
X5.50222 Y-2.35446
X5.50222 Y-2.34246
X5.50122 Y-2.34246
X5.50122 Y-2.34046
X5.50022 Y-2.34046
X5.50022 Y-2.33846
X5.49922 Y-2.33846
X5.49922 Y-2.33746
X5.49622 Y-2.33746
X5.49622 Y-2.33646
X5.40722 Y-2.33646
X5.40722 Y-2.33746
X5.40422 Y-2.33746
X5.40422 Y-2.33846
X5.40322 Y-2.33846
X5.40322 Y-2.34046
X5.40222 Y-2.34046
X5.40222 Y-2.34246
X5.40122 Y-2.34246
X5.40122 Y-2.34646
X5.21122 Y-2.34646
X5.21122 Y-2.34546
X5.21022 Y-2.34546
X5.21022 Y-2.34446
X5.20922 Y-2.34446
X5.20922 Y-2.34346
X5.20822 Y-2.34346
X5.20822 Y-2.34246
X5.20722 Y-2.34246
X5.20722 Y-2.34146
X5.20622 Y-2.34146
X5.20622 Y-2.34046
X5.20522 Y-2.34046
X5.20522 Y-2.33946
X5.20422 Y-2.33946
X5.20422 Y-2.33846
X5.20322 Y-2.33846
X5.20322 Y-2.33746
X5.20222 Y-2.33746
X5.20222 Y-2.33646
X5.20122 Y-2.33646
X5.20122 Y-2.33546
X5.20022 Y-2.33546
X5.20022 Y-2.33446
X5.19922 Y-2.33446
X5.19922 Y-2.33346
X5.19822 Y-2.33346
X5.19822 Y-2.33246
X5.19722 Y-2.33246
X5.19722 Y-2.33146
X5.19622 Y-2.33146
X5.19622 Y-2.33046
X5.19522 Y-2.33046
X5.19522 Y-2.32946
X5.19422 Y-2.32946
X5.19422 Y-2.32846
X5.19322 Y-2.32846
X5.19322 Y-2.32746
X5.19222 Y-2.32746
X5.19222 Y-2.32646
X5.19122 Y-2.32646
X5.19122 Y-2.32546
X5.19022 Y-2.32546
X5.19022 Y-2.32446
X5.18922 Y-2.32446
X5.18922 Y-2.32346
X5.18822 Y-2.32346
X5.18822 Y-2.32246
X5.18722 Y-2.32246
X5.18722 Y-2.32146
X5.18622 Y-2.32146
X5.18622 Y-2.32046
X5.18522 Y-2.32046
X5.18522 Y-2.31946
X5.18422 Y-2.31946
X5.18422 Y-2.31846
X5.18322 Y-2.31846
X5.18322 Y-2.31746
X5.18222 Y-2.31746
X5.18222 Y-2.31646
X5.18122 Y-2.31646
X5.18122 Y-2.31546
X5.18022 Y-2.31546
X5.18022 Y-2.31446
X5.17922 Y-2.31446
X5.17922 Y-2.31346
X5.17822 Y-2.31346
X5.17822 Y-2.31246
X5.17722 Y-2.31246
X5.17722 Y-2.31146
X5.17622 Y-2.31146
X5.17622 Y-2.31046
X5.17522 Y-2.31046
X5.17522 Y-2.30946
X5.17422 Y-2.30946
X5.17422 Y-2.30846
X5.17322 Y-2.30846
X5.17322 Y-2.30746
X5.17222 Y-2.30746
X5.17222 Y-2.30646
X5.17122 Y-2.30646
X5.17122 Y-2.30546
X5.17022 Y-2.30546
X5.17022 Y-2.30446
X5.16922 Y-2.30446
X5.16922 Y-2.30346
X5.16822 Y-2.30346
X5.16822 Y-2.30246
X5.16722 Y-2.30246
X5.16722 Y-2.30146
X5.16622 Y-2.30146
X5.16622 Y-2.30046
X5.16522 Y-2.30046
X5.16522 Y-2.29946
X5.16422 Y-2.29946
X5.16422 Y-2.29846
X5.16322 Y-2.29846
X5.16322 Y-2.29746
X5.16222 Y-2.29746
X5.16222 Y-2.29646
X5.16122 Y-2.29646
X5.16122 Y-2.29546
X5.16022 Y-2.29546
X5.16022 Y-2.29446
X5.15922 Y-2.29446
X5.15922 Y-2.29346
X5.15822 Y-2.29346
X5.15822 Y-2.29246
X5.15722 Y-2.29246
X5.15722 Y-2.29146
X5.15622 Y-2.29146
X5.15622 Y-2.29046
X5.15522 Y-2.29046
X5.15522 Y-2.28946
X5.15422 Y-2.28946
X5.15422 Y-2.28846
X5.15322 Y-2.28846
X5.15322 Y-2.28746
X5.15222 Y-2.28746
X5.15222 Y-2.28646
X5.15122 Y-2.28646
X5.15122 Y-2.28546
X5.14922 Y-2.28546
X5.14922 Y-2.28446
X5.14622 Y-2.28446
X5.14622 Y-2.28346
X5.01822 Y-2.28346
X5.01822 Y-2.28246
X5.01722 Y-2.28246
X5.01722 Y-2.28146
X5.01622 Y-2.28146
X5.01622 Y-2.28046
X5.01522 Y-2.28046
X5.01522 Y-2.27946
X5.01422 Y-2.27946
X5.01422 Y-2.27846
X5.01322 Y-2.27846
X5.01322 Y-2.27746
X5.01222 Y-2.27746
X5.01222 Y-2.27646
X5.01122 Y-2.27646
X5.01122 Y-2.27546
X5.01022 Y-2.27546
X5.01022 Y-2.27446
X5.00922 Y-2.27446
X5.00922 Y-2.27346
X5.00822 Y-2.27346
X5.00822 Y-2.27246
X5.00722 Y-2.27246
X5.00722 Y-2.27146
X5.00622 Y-2.27146
X5.00622 Y-2.27046
X5.00522 Y-2.27046
X5.00522 Y-2.26946
X5.00422 Y-2.26946
X5.00422 Y-2.26846
X5.00322 Y-2.26846
X5.00322 Y-2.26746
X5.00222 Y-2.26746
X5.00222 Y-2.26646
X5.00122 Y-2.26646
X5.00122 Y-2.26546
X5.00022 Y-2.26546
X5.00022 Y-2.26446
X4.99922 Y-2.26446
X4.99922 Y-2.26346
X4.99822 Y-2.26346
X4.99822 Y-2.26246
X4.99722 Y-2.26246
X4.99722 Y-2.26146
X4.99622 Y-2.26146
X4.99622 Y-2.26046
X4.99522 Y-2.26046
X4.99522 Y-2.25946
X4.99422 Y-2.25946
X4.99422 Y-2.25846
X4.99322 Y-2.25846
X4.99322 Y-2.25746
X4.99222 Y-2.25746
X4.99222 Y-2.25646
X4.99122 Y-2.25646
X4.99122 Y-2.25546
X4.99022 Y-2.25546
X4.99022 Y-2.25446
X4.98922 Y-2.25446
X4.98922 Y-2.25346
X4.98822 Y-2.25346
X4.98822 Y-2.25246
X4.98722 Y-2.25246
X4.98722 Y-2.25146
X4.98622 Y-2.25146
X4.98622 Y-2.25046
X4.98522 Y-2.25046
X4.98522 Y-2.24946
X4.98422 Y-2.24946
X4.98422 Y-2.24846
X4.98322 Y-2.24846
X4.98322 Y-2.24746
X4.98222 Y-2.24746
X4.98222 Y-2.24646
X4.98122 Y-2.24646
X4.98122 Y-2.24546
X4.98022 Y-2.24546
X4.98022 Y-2.24446
X4.97922 Y-2.24446
X4.97922 Y-2.24346
X4.97822 Y-2.24346
X4.97822 Y-2.24246
X4.97722 Y-2.24246
X4.97722 Y-2.24146
X4.97622 Y-2.24146
X4.97622 Y-2.24046
X4.97522 Y-2.24046
X4.97522 Y-2.23946
X4.97422 Y-2.23946
X4.97422 Y-2.23846
X4.97322 Y-2.23846
X4.97322 Y-2.23746
X4.97122 Y-2.23746
X4.97122 Y-2.23646
X4.96822 Y-2.23646
X4.96822 Y-2.23546
X4.93522 Y-2.23546
X4.93522 Y-2.23146
X4.93422 Y-2.23146
X4.93422 Y-2.22946
X4.93322 Y-2.22946
X4.93322 Y-2.22746
X4.93222 Y-2.22746
X4.93222 Y-2.22646
X4.92922 Y-2.22646
X4.92922 Y-2.22546
X4.84022 Y-2.22546
X4.84022 Y-2.22646
X4.83722 Y-2.22646
X4.83722 Y-2.22746
X4.83622 Y-2.22746
X4.83622 Y-2.22946
X4.83522 Y-2.22946
X4.83522 Y-2.23146
X4.83422 Y-2.23146
X4.83422 Y-2.27046
X4.83522 Y-2.27046
X4.83522 Y-2.27246
X4.83622 Y-2.27246
X4.83622 Y-2.27446
X4.83722 Y-2.27446
X4.83722 Y-2.27546
X4.84022 Y-2.27546
X4.84022 Y-2.27646
X4.92922 Y-2.27646
X4.92922 Y-2.27546
X4.93222 Y-2.27546
X4.93222 Y-2.27446
X4.93322 Y-2.27446
X4.93322 Y-2.27246
X4.93422 Y-2.27246
X4.93422 Y-2.27046
X4.93522 Y-2.27046
X4.93522 Y-2.26746
X4.95722 Y-2.26746
X4.95722 Y-2.26846
X4.95822 Y-2.26846
X4.95822 Y-2.26946
X4.95922 Y-2.26946
X4.95922 Y-2.27046
X4.96022 Y-2.27046
X4.96022 Y-2.27146
X4.96122 Y-2.27146
X4.96122 Y-2.27246
X4.96222 Y-2.27246
X4.96222 Y-2.27346
X4.96322 Y-2.27346
X4.96322 Y-2.27446
X4.96422 Y-2.27446
X4.96422 Y-2.27546
X4.96522 Y-2.27546
X4.96522 Y-2.27646
X4.96622 Y-2.27646
X4.96622 Y-2.27746
X4.96722 Y-2.27746
X4.96722 Y-2.27846
X4.96822 Y-2.27846
X4.96822 Y-2.27946
X4.96922 Y-2.27946
X4.96922 Y-2.28046
X4.97022 Y-2.28046
X4.97022 Y-2.28146
X4.97122 Y-2.28146
X4.97122 Y-2.28246
X4.97222 Y-2.28246
X4.97222 Y-2.28346
X4.97322 Y-2.28346
X4.97322 Y-2.28446
X4.97422 Y-2.28446
X4.97422 Y-2.28546
X4.97522 Y-2.28546
X4.97522 Y-2.28646
X4.97622 Y-2.28646
X4.97622 Y-2.28746
X4.97722 Y-2.28746
X4.97722 Y-2.28846
X4.97822 Y-2.28846
X4.97822 Y-2.28946
X4.97922 Y-2.28946
X4.97922 Y-2.29046
X4.98022 Y-2.29046
X4.98022 Y-2.29146
X4.98122 Y-2.29146
X4.98122 Y-2.29246
X4.98222 Y-2.29246
X4.98222 Y-2.29346
X4.98322 Y-2.29346
X4.98322 Y-2.29446
X4.98422 Y-2.29446
X4.98422 Y-2.29546
X4.98522 Y-2.29546
X4.98522 Y-2.29646
X4.98622 Y-2.29646
X4.98622 Y-2.29746
X4.98722 Y-2.29746
X4.98722 Y-2.29846
X4.98822 Y-2.29846
X4.98822 Y-2.29946
X4.98922 Y-2.29946
X4.98922 Y-2.30046
X4.99022 Y-2.30046
X4.99022 Y-2.30146
X4.99122 Y-2.30146
X4.99122 Y-2.30246
X4.99222 Y-2.30246
X4.99222 Y-2.30346
X4.99322 Y-2.30346
X4.99322 Y-2.30446
X4.99422 Y-2.30446
X4.99422 Y-2.30546
X4.99522 Y-2.30546
X4.99522 Y-2.30646
X4.99622 Y-2.30646
X4.99622 Y-2.30746
X4.99722 Y-2.30746
X4.99722 Y-2.30846
X4.99822 Y-2.30846
X4.99822 Y-2.30946
X4.99922 Y-2.30946
X4.99922 Y-2.31046
X5.00022 Y-2.31046
X5.00022 Y-2.31146
X5.00122 Y-2.31146
X5.00122 Y-2.31246
X5.00222 Y-2.31246
X5.00222 Y-2.31346
X5.00422 Y-2.31346
X5.00422 Y-2.31446
X5.00722 Y-2.31446
X5.00722 Y-2.31546
X5.13622 Y-2.31546
X5.13622 Y-2.31646
X5.13722 Y-2.31646
X5.13722 Y-2.31746
X5.13822 Y-2.31746
X5.13822 Y-2.31846
X5.13922 Y-2.31846
X5.13922 Y-2.31946
X5.14022 Y-2.31946
X5.14022 Y-2.32046
X5.14122 Y-2.32046
X5.14122 Y-2.32146
X5.14222 Y-2.32146
X5.14222 Y-2.32246
X5.14322 Y-2.32246
X5.14322 Y-2.32346
X5.14422 Y-2.32346
X5.14422 Y-2.32446
X5.14522 Y-2.32446
X5.14522 Y-2.32546
X5.14622 Y-2.32546
X5.14622 Y-2.32646
X5.14722 Y-2.32646
X5.14722 Y-2.32746
X5.14822 Y-2.32746
X5.14822 Y-2.32846
X5.14922 Y-2.32846
X5.14922 Y-2.32946
X5.15022 Y-2.32946
X5.15022 Y-2.33046
X5.15122 Y-2.33046
X5.15122 Y-2.33146
X5.15222 Y-2.33146
X5.15222 Y-2.33246
X5.15322 Y-2.33246
X5.15322 Y-2.33346
X5.15422 Y-2.33346
X5.15422 Y-2.33446
X5.15522 Y-2.33446
X5.15522 Y-2.33546
X5.15622 Y-2.33546
X5.15622 Y-2.33646
X5.15722 Y-2.33646
X5.15722 Y-2.33746
X5.15822 Y-2.33746
X5.15822 Y-2.33846
X5.15922 Y-2.33846
X5.15922 Y-2.33946
X5.16022 Y-2.33946
X5.16022 Y-2.34046
X5.16122 Y-2.34046
X5.16122 Y-2.34146
X5.16222 Y-2.34146
X5.16222 Y-2.34246
X5.16322 Y-2.34246
X5.16322 Y-2.34346
X5.16422 Y-2.34346
X5.16422 Y-2.34446
X5.16522 Y-2.34446
X5.16522 Y-2.34546
X5.16622 Y-2.34546
X5.16622 Y-2.34646
X5.16722 Y-2.34646
X5.16722 Y-2.34746
X5.16822 Y-2.34746
X5.16822 Y-2.34846
X5.16922 Y-2.34846
X5.16922 Y-2.34946
X5.17022 Y-2.34946
X5.17022 Y-2.35046
X5.17122 Y-2.35046
X5.17122 Y-2.35146
X5.17222 Y-2.35146
X5.17222 Y-2.35246
X5.17322 Y-2.35246
X5.17322 Y-2.35346
X5.17422 Y-2.35346
X5.17422 Y-2.35446
X5.17522 Y-2.35446
X5.17522 Y-2.35546
X5.17622 Y-2.35546
X5.17622 Y-2.35646
X5.17722 Y-2.35646
X5.17722 Y-2.35746
X5.17822 Y-2.35746
X5.17822 Y-2.35846
X5.17922 Y-2.35846
X5.17922 Y-2.35946
X5.18022 Y-2.35946
X5.18022 Y-2.36046
X5.18122 Y-2.36046
X5.18122 Y-2.36146
X5.18222 Y-2.36146
X5.18222 Y-2.36246
X5.18322 Y-2.36246
X5.18322 Y-2.36346
X5.18422 Y-2.36346
X5.18422 Y-2.36446
X5.18522 Y-2.36446
X5.18522 Y-2.36546
X5.18622 Y-2.36546
X5.18622 Y-2.36646
X5.18722 Y-2.36646
X5.18722 Y-2.36746
X5.18822 Y-2.36746
X5.18822 Y-2.36846
X5.18922 Y-2.36846
X5.18922 Y-2.36946
X5.19022 Y-2.36946
X5.19022 Y-2.37046
X5.19122 Y-2.37046
X5.19122 Y-2.37146
X5.19222 Y-2.37146
X5.19222 Y-2.37246
X5.19322 Y-2.37246
X5.19322 Y-2.37346
X5.19422 Y-2.37346
X5.19422 Y-2.37446
X5.19522 Y-2.37446
X5.19522 Y-2.37546
X5.19622 Y-2.37546
X5.19622 Y-2.37646
X5.19822 Y-2.37646
X5.19822 Y-2.37746
X5.20122 Y-2.37746
X5.20122 Y-2.37846
X5.40122 Y-2.37846
X5.40122 Y-2.38146
X5.40222 Y-2.38146
X5.40222 Y-2.38346
X5.40322 Y-2.38346
X5.40322 Y-2.38546
X5.40422 Y-2.38546
X5.40422 Y-2.38646
X5.40722 Y-2.38646
X5.40722 Y-2.38746
X5.49622 Y-2.38746
X5.49622 Y-2.38646
X5.55422 Y-2.38646
X5.55422 Y-2.38846
X5.55522 Y-2.38846
X5.55522 Y-2.39046
X5.55622 Y-2.39046
X5.55622 Y-2.39146
X5.55722 Y-2.39146
X5.55722 Y-2.39246
X5.55822 Y-2.39246
X5.55822 Y-2.39346
X5.55922 Y-2.39346
X5.55922 Y-2.39446
X5.56122 Y-2.39446
X5.56122 Y-2.39546
X5.56222 Y-2.39546
X5.56222 Y-2.39646
X5.56322 Y-2.39646
X5.56322 Y-2.39746
X5.56522 Y-2.39746
X5.56522 Y-2.39846
X5.56622 Y-2.39846
X5.56622 Y-2.39946
X5.56922 Y-2.39946
X5.56922 Y-2.40046
X5.57222 Y-2.40046
X5.57222 Y-2.40146
X5.62122 Y-2.40146
X5.62122 Y-2.40046
X5.62422 Y-2.40046
X5.62422 Y-2.39946
X5.62722 Y-2.39946
X5.62722 Y-2.39846
X5.62822 Y-2.39846
X5.62822 Y-2.39746
X5.63022 Y-2.39746
X5.63022 Y-2.39646
X5.63122 Y-2.39646
X5.63122 Y-2.39546
X5.63222 Y-2.39546
X5.63222 Y-2.39446
X5.63422 Y-2.39446
X5.63422 Y-2.39346
X5.63522 Y-2.39346
X5.63522 Y-2.39246
X5.63622 Y-2.39246
X5.63622 Y-2.39146
X5.63722 Y-2.39146
X5.63722 Y-2.39046
X5.63822 Y-2.39046
X5.63822 Y-2.38846
X5.63922 Y-2.38846
X5.63922 Y-2.38646
X5.64022 Y-2.38646
X5.64022 Y-2.38546
X5.64122 Y-2.38546
X5.64122 Y-2.38346
X5.64222 Y-2.38346
X5.64222 Y-2.38046
X5.64322 Y-2.38046
X5.64322 Y-2.37446
X5.64422 Y-2.37446
X5.64422 Y-2.36546
X5.64322 Y-2.36546
X5.64322 Y-2.35946
X5.64222 Y-2.35946
X5.64222 Y-2.35646
X5.64122 Y-2.35646
X5.64122 Y-2.35446
X5.64022 Y-2.35446
X5.64022 Y-2.35346
X5.63922 Y-2.35346
X5.63922 Y-2.35146
X5.63822 Y-2.35146
X5.63822 Y-2.35046
X5.63922 Y-2.35046
X5.63922 Y-2.34946
X5.64022 Y-2.34946
X5.64022 Y-2.34846
X5.64122 Y-2.34846
X5.64122 Y-2.34746
X5.64222 Y-2.34746
X5.64222 Y-2.34646
X5.64322 Y-2.34646
X5.64322 Y-2.34546
X5.64422 Y-2.34546
X5.64422 Y-2.34446
X5.64522 Y-2.34446
X5.64522 Y-2.34346
X5.64622 Y-2.34346
X5.64622 Y-2.34246
X5.64722 Y-2.34246
X5.64722 Y-2.34146
X5.64822 Y-2.34146
X5.64822 Y-2.34046
X5.64922 Y-2.34046
X5.64922 Y-2.33946
X5.65022 Y-2.33946
X5.65022 Y-2.33846
X5.65122 Y-2.33846
X5.65122 Y-2.33746
X5.65222 Y-2.33746
X5.65222 Y-2.33546
X5.65322 Y-2.33546
X5.65322 Y-2.33146
X5.65422 Y-2.33146
X5.65422 Y-2.05346
X5.65522 Y-2.05346
X5.65522 Y-2.05246
X5.65622 Y-2.05246
X5.65622 Y-2.05146
X5.65722 Y-2.05146
X5.65722 Y-2.05046
X5.65822 Y-2.05046
X5.65822 Y-2.04946
X5.65922 Y-2.04946
X5.65922 Y-2.04846
X5.66022 Y-2.04846
X5.66022 Y-2.04746
X5.66122 Y-2.04746
X5.66122 Y-2.04646
X5.66222 Y-2.04646
X5.66222 Y-2.04546
X5.66322 Y-2.04546
X5.66322 Y-2.04446
X5.66422 Y-2.04446
X5.66422 Y-2.04346
X5.66522 Y-2.04346
X5.66522 Y-2.04246
X5.66622 Y-2.04246
X5.66622 Y-2.04146
X5.66722 Y-2.04146
X5.66722 Y-2.04046
X5.66822 Y-2.04046
X5.66822 Y-2.03946
X5.66922 Y-2.03946
X5.66922 Y-2.03846
X5.67022 Y-2.03846
X5.67022 Y-2.03746
X5.67122 Y-2.03746
X5.67122 Y-2.03646
X5.67222 Y-2.03646
X5.67222 Y-2.03546
X5.67322 Y-2.03546
X5.67322 Y-2.03446
X5.67422 Y-2.03446
X5.67422 Y-2.03346
X5.67522 Y-2.03346
X5.67522 Y-2.03246
X5.67622 Y-2.03246
X5.67622 Y-2.03146
X5.67722 Y-2.03146
X5.67722 Y-2.03046
X5.67822 Y-2.03046
X5.67822 Y-2.02946
X5.67922 Y-2.02946
X5.67922 Y-2.02846
X5.68022 Y-2.02846
X5.68022 Y-2.02746
X5.68122 Y-2.02746
X5.68122 Y-2.02646
X5.68222 Y-2.02646
X5.68222 Y-2.02546
X5.68322 Y-2.02546
X5.68322 Y-2.02446
X5.68422 Y-2.02446
X5.68422 Y-2.02346
X5.68522 Y-2.02346
X5.68522 Y-2.02246
X5.68622 Y-2.02246
X5.68622 Y-2.02146
X5.68722 Y-2.02146
X5.68722 Y-2.02046
X5.68822 Y-2.02046
X5.68822 Y-2.01946
X5.68922 Y-2.01946
X5.68922 Y-2.01846
X5.69022 Y-2.01846
X5.69022 Y-2.01746
X5.69122 Y-2.01746
X5.69122 Y-2.01646
X5.69222 Y-2.01646
X5.69222 Y-2.01546
X5.69322 Y-2.01546
X5.69322 Y-2.01446
X5.69422 Y-2.01446
X5.69422 Y-2.01346
X5.69522 Y-2.01346
X5.69522 Y-2.01246
X5.69622 Y-2.01246
X5.69622 Y-2.01146
X5.69722 Y-2.01146
X5.69722 Y-2.01046
X5.69822 Y-2.01046
X5.69822 Y-2.00946
X5.69922 Y-2.00946
X5.69922 Y-2.00846
X5.70022 Y-2.00846
X5.70022 Y-2.00746
X5.70122 Y-2.00746
X5.70122 Y-2.00646
X5.70222 Y-2.00646
X5.70222 Y-2.00546
X5.70322 Y-2.00546
X5.70322 Y-2.00446
X5.70422 Y-2.00446
X5.70422 Y-2.00346
X5.70522 Y-2.00346
X5.70522 Y-2.00246
X5.70622 Y-2.00246
X5.70622 Y-2.00146
X5.70722 Y-2.00146
X5.70722 Y-2.00046
X5.70822 Y-2.00046
X5.70822 Y-1.99946
X5.70922 Y-1.99946
X5.70922 Y-1.99846
X5.71022 Y-1.99846
X5.71022 Y-1.99746
X5.71122 Y-1.99746
X5.71122 Y-1.99646
X5.71222 Y-1.99646
X5.71222 Y-1.99546
X5.71322 Y-1.99546
X5.71322 Y-1.99446
X5.71422 Y-1.99446
X5.71422 Y-1.99346
X5.71522 Y-1.99346
X5.71522 Y-1.99246
X5.71622 Y-1.99246
X5.71622 Y-1.99146
X5.71722 Y-1.99146
X5.71722 Y-1.99046
X5.71822 Y-1.99046
X5.71822 Y-1.98946
X5.71922 Y-1.98946
X5.71922 Y-1.98846
X5.72022 Y-1.98846
X5.72022 Y-1.98746
X5.72122 Y-1.98746
X5.72122 Y-1.98646
X5.72222 Y-1.98646
X5.72222 Y-1.98546
X5.72322 Y-1.98546
X5.72322 Y-1.98446
X5.72422 Y-1.98446
X5.72422 Y-1.98346
X5.72522 Y-1.98346
X5.72522 Y-1.98246
X5.72622 Y-1.98246
X5.72622 Y-1.98146
X5.72722 Y-1.98146
X5.72722 Y-1.98046
X5.72822 Y-1.98046
X5.72822 Y-1.97946
X5.72922 Y-1.97946
X5.72922 Y-1.97846
X5.73022 Y-1.97846
X5.73022 Y-1.97746
X5.73122 Y-1.97746
X5.73122 Y-1.97646
X5.73222 Y-1.97646
X5.73222 Y-1.97546
X5.73322 Y-1.97546
X5.73322 Y-1.97446
X5.73422 Y-1.97446
X5.73422 Y-1.97346
X5.73522 Y-1.97346
X5.73522 Y-1.97246
X5.73622 Y-1.97246
X5.73622 Y-1.97146
X5.73722 Y-1.97146
X5.73722 Y-1.97046
X5.73822 Y-1.97046
X5.73822 Y-1.96946
X5.73922 Y-1.96946
X5.73922 Y-1.96846
X5.74022 Y-1.96846
X5.74022 Y-1.96746
X5.74122 Y-1.96746
X5.74122 Y-1.96646
X5.74222 Y-1.96646
X5.74222 Y-1.96546
X5.74322 Y-1.96546
X5.74322 Y-1.96446
X5.74422 Y-1.96446
X5.74422 Y-1.96346
X5.74522 Y-1.96346
X5.74522 Y-1.96246
X5.74622 Y-1.96246
X5.74622 Y-1.96146
X5.74722 Y-1.96146
X5.74722 Y-1.96046
X5.74822 Y-1.96046
X5.74822 Y-1.95946
X5.74922 Y-1.95946
X5.74922 Y-1.95846
X5.75022 Y-1.95846
X5.75022 Y-1.95746
X5.75122 Y-1.95746
X5.75122 Y-1.95646
X5.75222 Y-1.95646
X5.75222 Y-1.95546
X5.75322 Y-1.95546
X5.75322 Y-1.95446
X5.75422 Y-1.95446
X5.75422 Y-1.95346
X5.75522 Y-1.95346
X5.75522 Y-1.95246
X5.75622 Y-1.95246
X5.75622 Y-1.95146
X5.75722 Y-1.95146
X5.75722 Y-1.95046
X5.75822 Y-1.95046
X5.75822 Y-1.94946
X5.75922 Y-1.94946
X5.75922 Y-1.94846
X5.76022 Y-1.94846
X5.76022 Y-1.94746
X5.76122 Y-1.94746
X5.76122 Y-1.94646
X5.76222 Y-1.94646
X5.76222 Y-1.94546
X5.76322 Y-1.94546
X5.76322 Y-1.94446
X5.76422 Y-1.94446
X5.76422 Y-1.94346
X5.76522 Y-1.94346
X5.76522 Y-1.94246
X5.76622 Y-1.94246
X5.76622 Y-1.94146
X5.76722 Y-1.94146
X5.76722 Y-1.94046
X5.76822 Y-1.94046
X5.76822 Y-1.93946
X5.76922 Y-1.93946
X5.76922 Y-1.93846
X5.77022 Y-1.93846
X5.77022 Y-1.93746
X5.77122 Y-1.93746
X5.77122 Y-1.93646
X5.77222 Y-1.93646
X5.77222 Y-1.93546
X5.77322 Y-1.93546
X5.77322 Y-1.93446
X5.77422 Y-1.93446
X5.77422 Y-1.93346
X5.77522 Y-1.93346
X5.77522 Y-1.93246
X5.77622 Y-1.93246
X5.77622 Y-1.93146
X5.77722 Y-1.93146
X5.77722 Y-1.93046
X5.77822 Y-1.93046
X5.77822 Y-1.92946
X5.77922 Y-1.92946
X5.77922 Y-1.92846
X5.78022 Y-1.92846
X5.78022 Y-1.92746
X5.78122 Y-1.92746
X5.78122 Y-1.92646
X5.78222 Y-1.92646
X5.78222 Y-1.92546
X5.78322 Y-1.92546
X5.78322 Y-1.92446
X5.78422 Y-1.92446
X5.78422 Y-1.92346
X5.78522 Y-1.92346
X5.78522 Y-1.92246
X5.78622 Y-1.92246
X5.78622 Y-1.92146
X5.78722 Y-1.92146
X5.78722 Y-1.92046
X5.78822 Y-1.92046
X5.78822 Y-1.91946
X5.78922 Y-1.91946
X5.78922 Y-1.91846
X5.79022 Y-1.91846
X5.79022 Y-1.91746
X5.79122 Y-1.91746
X5.79122 Y-1.91646
X5.79222 Y-1.91646
X5.79222 Y-1.91546
X5.79322 Y-1.91546
X5.79322 Y-1.91446
X5.79422 Y-1.91446
X5.79422 Y-1.91346
X5.79522 Y-1.91346
X5.79522 Y-1.91246
X5.79622 Y-1.91246
X5.79622 Y-1.91146
X5.79722 Y-1.91146
X5.79722 Y-2.01246
X5.79822 Y-2.01246
X5.79822 Y-2.01646
X5.79922 Y-2.01646
X5.79922 Y-2.01846
X5.80022 Y-2.01846
X5.80022 Y-2.01946
X5.80122 Y-2.01946
X5.80122 Y-2.02046
X5.80222 Y-2.02046
X5.80222 Y-2.02146
X5.80322 Y-2.02146
X5.80322 Y-2.02246
X5.80422 Y-2.02246
X5.80422 Y-2.02346
X5.80522 Y-2.02346
X5.80522 Y-2.02446
X5.80622 Y-2.02446
X5.80622 Y-2.02546
X5.80722 Y-2.02546
X5.80722 Y-2.02646
X5.80822 Y-2.02646
X5.80822 Y-2.02746
X5.80922 Y-2.02746
X5.80922 Y-2.02846
X5.81022 Y-2.02846
X5.81022 Y-2.02946
X5.81122 Y-2.02946
X5.81122 Y-2.03046
X5.81222 Y-2.03046
X5.81222 Y-2.03146
X5.81322 Y-2.03146
X5.81322 Y-2.03246
X5.81422 Y-2.03246
X5.81422 Y-2.03346
X5.81522 Y-2.03346
X5.81522 Y-2.03446
X5.81622 Y-2.03446
X5.81622 Y-2.03546
X5.81722 Y-2.03546
X5.81722 Y-2.03646
X5.81822 Y-2.03646
X5.81822 Y-2.03746
X5.81922 Y-2.03746
X5.81922 Y-2.03846
X5.82022 Y-2.03846
X5.82022 Y-2.03946
X5.82122 Y-2.03946
X5.82122 Y-2.04046
X5.82222 Y-2.04046
X5.82222 Y-2.04146
X5.82322 Y-2.04146
X5.82322 Y-2.04246
X5.82422 Y-2.04246
X5.82422 Y-2.04346
X5.82522 Y-2.04346
X5.82522 Y-2.04446
X5.82622 Y-2.04446
X5.82622 Y-2.04546
X5.82722 Y-2.04546
X5.82722 Y-2.04646
X5.82822 Y-2.04646
X5.82822 Y-2.04746
X5.82922 Y-2.04746
X5.82922 Y-2.04846
X5.83022 Y-2.04846
X5.83022 Y-2.04946
X5.83122 Y-2.04946
X5.83122 Y-2.05046
X5.83222 Y-2.05046
X5.83222 Y-2.05146
X5.83322 Y-2.05146
X5.83322 Y-2.05246
X5.83422 Y-2.05246
X5.83422 Y-2.05346
X5.83322 Y-2.05346
X5.83322 Y-2.05546
X5.83222 Y-2.05546
X5.83222 Y-2.05746
X5.83122 Y-2.05746
X5.83122 Y-2.09646
X5.83222 Y-2.09646
X5.83222 Y-2.09846
X5.83322 Y-2.09846
X5.83322 Y-2.10046
X5.83422 Y-2.10046
X5.83422 Y-2.10146
X5.83722 Y-2.10146
X5.83722 Y-2.10246
X5.92622 Y-2.10246
X5.92622 Y-2.10146
X5.92922 Y-2.10146
X5.92922 Y-2.10046
X5.93022 Y-2.10046
X5.93022 Y-2.09846
X5.93122 Y-2.09846
X5.93122 Y-2.09646
X5.93222 Y-2.09646
X5.93222 Y-2.05746
X5.93122 Y-2.05746
X5.93122 Y-2.05546
X5.93022 Y-2.05546
X5.93022 Y-2.05346
X5.92922 Y-2.05346
X5.92922 Y-2.05246
X5.92622 Y-2.05246
X5.92622 Y-2.05146
X5.87722 Y-2.05146
X5.87722 Y-2.05046
X5.87622 Y-2.05046
X5.87622 Y-2.04946
X5.87522 Y-2.04946
X5.87522 Y-2.04846
X5.87422 Y-2.04846
X5.87422 Y-2.04746
X5.87322 Y-2.04746
X5.87322 Y-2.04646
X5.87222 Y-2.04646
X5.87222 Y-2.04546
X5.87122 Y-2.04546
X5.87122 Y-2.04446
X5.87022 Y-2.04446
X5.87022 Y-2.04346
X5.86922 Y-2.04346
X5.86922 Y-2.04246
X5.86822 Y-2.04246
X5.86822 Y-2.04146
X5.86722 Y-2.04146
X5.86722 Y-2.04046
X5.86622 Y-2.04046
X5.86622 Y-2.03946
X5.86522 Y-2.03946
X5.86522 Y-2.03846
X5.86422 Y-2.03846
X5.86422 Y-2.03746
X5.86322 Y-2.03746
X5.86322 Y-2.03646
X5.86222 Y-2.03646
X5.86222 Y-2.03546
X5.86122 Y-2.03546
X5.86122 Y-2.03446
X5.86022 Y-2.03446
X5.86022 Y-2.03346
X5.85922 Y-2.03346
X5.85922 Y-2.03246
X5.85822 Y-2.03246
X5.85822 Y-2.03146
X5.85722 Y-2.03146
X5.85722 Y-2.03046
X5.85622 Y-2.03046
X5.85622 Y-2.02946
X5.85522 Y-2.02946
X5.85522 Y-2.02846
X5.85422 Y-2.02846
X5.85422 Y-2.02746
X5.85322 Y-2.02746
X5.85322 Y-2.02646
X5.85222 Y-2.02646
X5.85222 Y-2.02546
X5.85122 Y-2.02546
X5.85122 Y-2.02446
X5.85022 Y-2.02446
X5.85022 Y-2.02346
X5.84922 Y-2.02346
X5.84922 Y-2.02246
X5.84822 Y-2.02246
X5.84822 Y-2.02146
X5.84722 Y-2.02146
X5.84722 Y-2.02046
X5.84622 Y-2.02046
X5.84622 Y-2.01946
X5.84522 Y-2.01946
X5.84522 Y-2.01846
X5.84422 Y-2.01846
X5.84422 Y-2.01746
X5.84322 Y-2.01746
X5.84322 Y-2.01646
X5.84222 Y-2.01646
X5.84222 Y-2.01546
X5.84122 Y-2.01546
X5.84122 Y-2.01446
X5.84022 Y-2.01446
X5.84022 Y-2.01346
X5.83922 Y-2.01346
X5.83922 Y-2.01246
X5.83822 Y-2.01246
X5.83822 Y-2.01146
X5.83722 Y-2.01146
X5.83722 Y-2.01046
X5.83622 Y-2.01046
X5.83622 Y-2.00946
X5.83522 Y-2.00946
X5.83522 Y-2.00846
X5.83422 Y-2.00846
X5.83422 Y-2.00746
X5.83322 Y-2.00746
X5.83322 Y-2.00646
X5.83222 Y-2.00646
X5.83222 Y-2.00546
X5.83122 Y-2.00546
X5.83122 Y-2.00446
X5.83022 Y-2.00446
X5.83022 Y-2.00346
X5.82922 Y-2.00346
X5.82922 Y-1.82846
X5.83122 Y-1.82846
X5.83122 Y-1.82746
X5.83422 Y-1.82746
X5.83422 Y-1.82646
X5.83622 Y-1.82646
X5.83622 Y-1.82546
X5.83822 Y-1.82546
X5.83822 Y-1.82446
X5.84022 Y-1.82446
X5.84022 Y-1.82346
X5.84222 Y-1.82346
X5.84222 Y-1.82246
X5.84422 Y-1.82246
X5.84422 Y-1.82146
X5.84522 Y-1.82146
X5.84522 Y-1.82046
X5.84622 Y-1.82046
X5.84622 Y-1.81946
X5.84822 Y-1.81946
X5.84822 Y-1.81846
X5.84922 Y-1.81846
X5.84922 Y-1.81746
X5.85022 Y-1.81746
X5.85022 Y-1.81646
X5.85122 Y-1.81646
X5.85122 Y-1.81546
X5.85222 Y-1.81546
X5.85222 Y-1.81446
X5.85322 Y-1.81446
X5.85322 Y-1.81346
X5.85422 Y-1.81346
X5.85422 Y-1.81246
X5.85522 Y-1.81246
X5.85522 Y-1.81046
X5.85622 Y-1.81046
X5.85622 Y-1.80946
X5.85722 Y-1.80946
X5.85722 Y-1.80746
X5.85822 Y-1.80746
X5.85822 Y-1.80546
X5.85922 Y-1.80546
X5.85922 Y-1.80446
X5.86022 Y-1.80446
X5.86022 Y-1.80246
X5.86122 Y-1.80246
X5.86122 Y-1.79946
X5.86222 Y-1.79946
X5.86222 Y-1.79646
X5.86322 Y-1.79646
X5.86322 Y-1.79346
X5.86422 Y-1.79346
X5.86422 Y-1.78646
X5.86522 Y-1.78646
X5.86522 Y-1.77146
X5.86422 Y-1.77146
X5.86422 Y-1.76446
X5.86322 Y-1.76446
X5.86322 Y-1.76146
X5.86222 Y-1.76146
X5.86222 Y-1.75846
X5.86122 Y-1.75846
X5.86122 Y-1.75546
X5.86022 Y-1.75546
X5.86022 Y-1.75346
X5.85922 Y-1.75346
X5.85922 Y-1.75246
X5.85822 Y-1.75246
X5.85822 Y-1.75046
X5.85722 Y-1.75046
X5.85722 Y-1.74846
X5.85622 Y-1.74846
X5.85622 Y-1.74746
X5.85522 Y-1.74746
X5.85522 Y-1.74546
X5.85422 Y-1.74546
X5.85422 Y-1.74446
X5.85322 Y-1.74446
X5.85322 Y-1.74346
X5.85222 Y-1.74346
X5.85222 Y-1.74246
X5.85122 Y-1.74246
X5.85122 Y-1.74146
X5.85022 Y-1.74146
X5.85022 Y-1.74046
X5.84922 Y-1.74046
X5.84922 Y-1.73946
X5.84822 Y-1.73946
X5.84822 Y-1.73846
X5.84622 Y-1.73846
X5.84622 Y-1.73746
X5.84522 Y-1.73746
X5.84522 Y-1.73646
X5.84422 Y-1.73646
X5.84422 Y-1.73546
X5.84322 Y-1.73546
X5.84322 Y-1.64246
X5.84222 Y-1.64246
X5.84222 Y-1.63846
X5.84122 Y-1.63846
X5.84122 Y-1.63546
X5.84022 Y-1.63546
X5.84022 Y-1.63346
X5.83922 Y-1.63346
X5.83922 Y-1.63146
X5.83822 Y-1.63146
X5.83822 Y-1.63046
X5.83722 Y-1.63046
X5.83722 Y-1.62846
X5.83622 Y-1.62846
X5.83622 Y-1.62746
X5.83522 Y-1.62746
X5.83522 Y-1.62646
X5.83422 Y-1.62646
X5.83422 Y-1.62546
X5.83322 Y-1.62546
X5.83322 Y-1.62446
X5.83222 Y-1.62446
X5.83222 Y-1.62346
X5.83122 Y-1.62346
X5.83122 Y-1.62246
X5.83022 Y-1.62246
X5.83022 Y-1.62146
X5.82922 Y-1.62146
X5.82922 Y-1.62046
X5.82822 Y-1.62046
X5.82822 Y-1.61946
X5.82722 Y-1.61946
X5.82722 Y-1.61846
X5.82622 Y-1.61846
X5.82622 Y-1.61746
X5.82522 Y-1.61746
X5.82522 Y-1.61646
X5.82422 Y-1.61646
X5.82422 Y-1.61546
X5.82322 Y-1.61546
X5.82322 Y-1.61446
X5.82222 Y-1.61446
X5.82222 Y-1.61346
X5.82122 Y-1.61346
X5.82122 Y-1.61246
X5.82022 Y-1.61246
X5.82022 Y-1.61146
X5.81922 Y-1.61146
X5.81922 Y-1.61046
X5.81822 Y-1.61046
X5.81822 Y-1.60946
X5.81722 Y-1.60946
X5.81722 Y-1.60846
X5.81622 Y-1.60846
X5.81622 Y-1.60746
X5.81522 Y-1.60746
X5.81522 Y-1.60646
X5.81422 Y-1.60646
X5.81422 Y-1.60546
X5.81322 Y-1.60546
X5.81322 Y-1.60446
X5.81222 Y-1.60446
X5.81222 Y-1.60346
X5.81122 Y-1.60346
X5.81122 Y-1.60246
X5.81022 Y-1.60246
X5.81022 Y-1.60146
X5.80922 Y-1.60146
X5.80922 Y-1.60046
X5.80822 Y-1.60046
X5.80822 Y-1.59946
X5.80722 Y-1.59946
X5.80722 Y-1.59846
X5.80622 Y-1.59846
X5.80622 Y-1.59746
X5.80522 Y-1.59746
X5.80522 Y-1.59646
X5.80422 Y-1.59646
X5.80422 Y-1.59546
X5.80322 Y-1.59546
X5.80322 Y-1.59446
X5.80222 Y-1.59446
X5.80222 Y-1.59346
X5.80122 Y-1.59346
X5.80122 Y-1.59246
X5.80022 Y-1.59246
X5.80022 Y-1.59146
X5.79922 Y-1.59146
X5.79922 Y-1.59046
X5.79822 Y-1.59046
X5.79822 Y-1.58946
X5.79722 Y-1.58946
X5.79722 Y-1.58846
X5.79622 Y-1.58846
X5.79622 Y-1.58746
X5.79522 Y-1.58746
X5.79522 Y-1.58646
X5.79422 Y-1.58646
X5.79422 Y-1.58546
X5.79322 Y-1.58546
X5.79322 Y-1.58446
X5.79222 Y-1.58446
X5.79222 Y-1.58346
X5.79122 Y-1.58346
X5.79122 Y-1.58246
X5.79022 Y-1.58246
X5.79022 Y-1.58146
X5.78922 Y-1.58146
X5.78922 Y-1.58046
X5.78822 Y-1.58046
X5.78822 Y-1.57946
X5.78722 Y-1.57946
X5.78722 Y-1.57846
X5.78622 Y-1.57846
X5.78622 Y-1.57746
X5.78522 Y-1.57746
X5.78522 Y-1.57646
X5.78422 Y-1.57646
X5.78422 Y-1.57546
X5.78322 Y-1.57546
X5.78322 Y-1.57446
X5.78222 Y-1.57446
X5.78222 Y-1.57346
X5.78122 Y-1.57346
X5.78122 Y-1.57246
X5.78022 Y-1.57246
X5.78022 Y-1.57146
X5.77922 Y-1.57146
X5.77922 Y-1.57046
X5.77822 Y-1.57046
X5.77822 Y-1.56946
X5.77722 Y-1.56946
X5.77722 Y-1.56846
X5.77622 Y-1.56846
X5.77622 Y-1.56746
X5.77522 Y-1.56746
X5.77522 Y-1.56646
X5.77422 Y-1.56646
X5.77422 Y-1.56546
X5.77322 Y-1.56546
X5.77322 Y-1.56446
X5.77222 Y-1.56446
X5.77222 Y-1.56346
X5.77122 Y-1.56346
X5.77122 Y-1.56246
X5.77022 Y-1.56246
X5.77022 Y-1.56146
X5.76922 Y-1.56146
X5.76922 Y-1.56046
X5.76822 Y-1.56046
X5.76822 Y-1.55946
X5.76722 Y-1.55946
X5.76722 Y-1.55846
X5.76622 Y-1.55846
X5.76622 Y-1.55746
X5.76522 Y-1.55746
X5.76522 Y-1.55646
X5.76422 Y-1.55646
X5.76422 Y-1.55546
X5.76322 Y-1.55546
X5.76322 Y-1.55446
X5.76222 Y-1.55446
X5.76222 Y-1.55346
X5.76122 Y-1.55346
X5.76122 Y-1.55246
X5.76022 Y-1.55246
X5.76022 Y-1.55146
X5.75922 Y-1.55146
X5.75922 Y-1.55046
X5.75822 Y-1.55046
X5.75822 Y-1.54946
X5.75722 Y-1.54946
X5.75722 Y-1.54846
X5.75622 Y-1.54846
X5.75622 Y-1.54746
X5.75522 Y-1.54746
X5.75522 Y-1.54646
X5.75422 Y-1.54646
X5.75422 Y-1.54546
X5.75322 Y-1.54546
X5.75322 Y-1.54446
X5.75222 Y-1.54446
X5.75222 Y-1.54346
X5.75122 Y-1.54346
X5.75122 Y-1.54246
X5.75022 Y-1.54246
X5.75022 Y-1.54146
X5.74922 Y-1.54146
X5.74922 Y-1.54046
X5.74822 Y-1.54046
X5.74822 Y-1.53946
X5.74722 Y-1.53946
X5.74722 Y-1.53846
X5.74622 Y-1.53846
X5.74622 Y-1.53746
X5.74522 Y-1.53746
X5.74522 Y-1.53646
X5.74422 Y-1.53646
X5.74422 Y-1.53546
X5.74322 Y-1.53546
X5.74322 Y-1.53446
X5.74222 Y-1.53446
X5.74222 Y-1.53346
X5.74022 Y-1.53346
X5.74022 Y-1.53246
X5.73822 Y-1.53246
X5.73822 Y-1.53146
X5.73622 Y-1.53146
X5.73622 Y-1.53046
X5.73322 Y-1.53046
X5.73322 Y-1.52946
X5.72922 Y-1.52946
X5.72922 Y-1.52846
X4.30222 Y-1.52846
X4.30222 Y-1.52946
G04 P0 ( dwell for no time -- G64 should not smooth over this point )
G00 Z0.19685 ( retract )

G00 X6.06022 Y-1.60046 ( rapid move to begin. )
G01 Z-0.00394 F3.93701 ( plunge. )
G04 P0 ( dwell for no time -- G64 should not smooth over this point )
X6.06022 Y-1.60046
X6.06022 Y-1.62146
X6.06122 Y-1.62146
X6.06122 Y-1.62246
X6.06222 Y-1.62246
X6.06222 Y-1.62446
X6.06322 Y-1.62446
X6.06322 Y-1.62646
X6.06422 Y-1.62646
X6.06422 Y-1.62746
X6.06622 Y-1.62746
X6.06622 Y-1.62846
X6.06822 Y-1.62846
X6.06822 Y-1.62946
X6.07922 Y-1.62946
X6.07922 Y-1.62846
X6.08222 Y-1.62846
X6.08222 Y-1.62746
X6.08422 Y-1.62746
X6.08422 Y-1.62646
X6.08522 Y-1.62646
X6.08522 Y-1.62446
X6.08622 Y-1.62446
X6.08622 Y-1.62146
X6.08722 Y-1.62146
X6.08722 Y-1.59946
X6.06022 Y-1.59946
X6.06022 Y-1.60046
G04 P0 ( dwell for no time -- G64 should not smooth over this point )
G00 Z0.19685 ( retract )

G00 X5.57022 Y-1.72846 ( rapid move to begin. )
G01 Z-0.00394 F3.93701 ( plunge. )
G04 P0 ( dwell for no time -- G64 should not smooth over this point )
X5.57022 Y-1.72846
X5.56722 Y-1.72846
X5.56722 Y-1.72946
X5.56522 Y-1.72946
X5.56522 Y-1.73046
X5.56422 Y-1.73046
X5.56422 Y-1.73146
X5.56322 Y-1.73146
X5.56322 Y-1.73346
X5.56222 Y-1.73346
X5.56222 Y-1.82446
X5.56322 Y-1.82446
X5.56322 Y-1.82646
X5.56422 Y-1.82646
X5.56422 Y-1.82746
X5.56522 Y-1.82746
X5.56522 Y-1.82846
X5.56722 Y-1.82846
X5.56722 Y-1.82946
X5.57022 Y-1.82946
X5.57022 Y-1.83046
X5.58922 Y-1.83046
X5.58922 Y-1.91246
X5.58822 Y-1.91246
X5.58822 Y-1.91346
X5.58722 Y-1.91346
X5.58722 Y-1.91446
X5.58622 Y-1.91446
X5.58622 Y-1.91546
X5.58522 Y-1.91546
X5.58522 Y-1.91646
X5.58422 Y-1.91646
X5.58422 Y-1.91746
X5.58322 Y-1.91746
X5.58322 Y-1.91846
X5.58222 Y-1.91846
X5.58222 Y-1.91946
X5.58122 Y-1.91946
X5.58122 Y-1.92046
X5.58022 Y-1.92046
X5.58022 Y-1.92146
X5.57922 Y-1.92146
X5.57922 Y-1.92246
X5.57822 Y-1.92246
X5.57822 Y-1.92346
X5.57722 Y-1.92346
X5.57722 Y-1.92446
X5.57622 Y-1.92446
X5.57622 Y-1.92546
X5.57522 Y-1.92546
X5.57522 Y-1.92646
X5.57422 Y-1.92646
X5.57422 Y-1.92746
X5.57322 Y-1.92746
X5.57322 Y-1.92846
X5.57222 Y-1.92846
X5.57222 Y-1.92946
X5.57122 Y-1.92946
X5.57122 Y-1.93046
X5.57022 Y-1.93046
X5.57022 Y-1.93146
X5.56922 Y-1.93146
X5.56922 Y-1.93246
X5.56822 Y-1.93246
X5.56822 Y-1.93346
X5.56722 Y-1.93346
X5.56722 Y-1.93446
X5.56622 Y-1.93446
X5.56622 Y-1.93546
X5.56522 Y-1.93546
X5.56522 Y-1.93646
X5.56422 Y-1.93646
X5.56422 Y-1.93746
X5.56322 Y-1.93746
X5.56322 Y-1.93846
X5.56222 Y-1.93846
X5.56222 Y-1.93946
X5.56122 Y-1.93946
X5.56122 Y-1.94046
X5.56022 Y-1.94046
X5.56022 Y-1.94146
X5.55922 Y-1.94146
X5.55922 Y-1.94246
X5.55822 Y-1.94246
X5.55822 Y-1.94346
X5.55722 Y-1.94346
X5.55722 Y-1.94446
X5.55622 Y-1.94446
X5.55622 Y-1.94546
X5.55522 Y-1.94546
X5.55522 Y-1.94646
X5.55422 Y-1.94646
X5.55422 Y-1.94746
X5.55322 Y-1.94746
X5.55322 Y-1.94846
X5.55222 Y-1.94846
X5.55222 Y-1.94946
X5.55122 Y-1.94946
X5.55122 Y-1.95046
X5.55022 Y-1.95046
X5.55022 Y-1.95146
X5.54922 Y-1.95146
X5.54922 Y-1.95246
X5.54822 Y-1.95246
X5.54822 Y-1.95346
X5.54722 Y-1.95346
X5.54722 Y-1.95446
X5.54622 Y-1.95446
X5.54622 Y-1.95546
X5.54522 Y-1.95546
X5.54522 Y-1.95646
X5.54422 Y-1.95646
X5.54422 Y-1.95746
X5.54322 Y-1.95746
X5.54322 Y-1.95846
X5.54222 Y-1.95846
X5.54222 Y-1.95946
X5.54122 Y-1.95946
X5.54122 Y-1.96046
X5.54022 Y-1.96046
X5.54022 Y-1.96146
X5.53922 Y-1.96146
X5.53922 Y-1.96246
X5.53822 Y-1.96246
X5.53822 Y-1.96346
X5.53722 Y-1.96346
X5.53722 Y-1.96446
X5.53622 Y-1.96446
X5.53622 Y-1.96546
X5.53522 Y-1.96546
X5.53522 Y-1.96646
X5.53422 Y-1.96646
X5.53422 Y-1.96746
X5.53322 Y-1.96746
X5.53322 Y-1.96846
X5.53222 Y-1.96846
X5.53222 Y-1.96946
X5.53122 Y-1.96946
X5.53122 Y-1.97046
X5.53022 Y-1.97046
X5.53022 Y-1.97146
X5.52922 Y-1.97146
X5.52922 Y-1.97246
X5.52822 Y-1.97246
X5.52822 Y-1.97346
X5.52722 Y-1.97346
X5.52722 Y-1.97446
X5.52622 Y-1.97446
X5.52622 Y-1.97546
X5.52522 Y-1.97546
X5.52522 Y-1.97646
X5.52422 Y-1.97646
X5.52422 Y-1.97746
X5.52322 Y-1.97746
X5.52322 Y-1.97846
X5.52222 Y-1.97846
X5.52222 Y-1.97946
X5.52122 Y-1.97946
X5.52122 Y-1.98046
X5.52022 Y-1.98046
X5.52022 Y-1.98146
X5.51922 Y-1.98146
X5.51922 Y-1.98246
X5.51822 Y-1.98246
X5.51822 Y-1.98346
X5.51722 Y-1.98346
X5.51722 Y-1.98446
X5.51622 Y-1.98446
X5.51622 Y-1.98546
X5.51522 Y-1.98546
X5.51522 Y-1.98646
X5.51422 Y-1.98646
X5.51422 Y-1.98746
X5.51322 Y-1.98746
X5.51322 Y-1.98846
X5.51222 Y-1.98846
X5.51222 Y-1.98946
X5.51122 Y-1.98946
X5.51122 Y-1.99046
X5.51022 Y-1.99046
X5.51022 Y-1.99146
X5.50922 Y-1.99146
X5.50922 Y-1.99246
X5.50822 Y-1.99246
X5.50822 Y-1.99346
X5.50722 Y-1.99346
X5.50722 Y-1.99446
X5.50622 Y-1.99446
X5.50622 Y-1.99546
X5.50522 Y-1.99546
X5.50522 Y-1.99646
X5.50422 Y-1.99646
X5.50422 Y-1.99746
X5.50322 Y-1.99746
X5.50322 Y-1.99846
X5.50222 Y-1.99846
X5.50222 Y-1.99946
X5.50122 Y-1.99946
X5.50122 Y-2.00046
X5.50022 Y-2.00046
X5.50022 Y-2.00146
X5.49922 Y-2.00146
X5.49922 Y-2.00246
X5.49822 Y-2.00246
X5.49822 Y-2.00346
X5.49722 Y-2.00346
X5.49722 Y-2.00446
X5.49622 Y-2.00446
X5.49622 Y-2.00546
X5.49522 Y-2.00546
X5.49522 Y-2.00646
X5.49422 Y-2.00646
X5.49422 Y-2.00746
X5.49322 Y-2.00746
X5.49322 Y-2.00846
X5.49222 Y-2.00846
X5.49222 Y-2.00946
X5.49122 Y-2.00946
X5.49122 Y-2.01046
X5.49022 Y-2.01046
X5.49022 Y-2.01146
X5.48922 Y-2.01146
X5.48922 Y-2.01246
X5.48822 Y-2.01246
X5.48822 Y-2.01346
X5.48722 Y-2.01346
X5.48722 Y-2.01446
X5.48622 Y-2.01446
X5.48622 Y-2.01546
X5.48522 Y-2.01546
X5.48522 Y-2.01646
X5.48422 Y-2.01646
X5.48422 Y-2.01746
X5.48322 Y-2.01746
X5.48322 Y-2.01846
X5.48222 Y-2.01846
X5.48222 Y-2.01946
X5.48122 Y-2.01946
X5.48122 Y-2.02046
X5.48022 Y-2.02046
X5.48022 Y-2.02146
X5.47922 Y-2.02146
X5.47922 Y-2.02246
X5.47822 Y-2.02246
X5.47822 Y-2.02346
X5.47722 Y-2.02346
X5.47722 Y-2.02446
X5.47622 Y-2.02446
X5.47622 Y-2.02546
X5.47522 Y-2.02546
X5.47522 Y-2.02646
X5.47422 Y-2.02646
X5.47422 Y-2.02746
X5.47322 Y-2.02746
X5.47322 Y-2.02846
X5.47222 Y-2.02846
X5.47222 Y-2.02946
X5.47122 Y-2.02946
X5.47122 Y-2.03046
X5.47022 Y-2.03046
X5.47022 Y-2.03146
X5.46922 Y-2.03146
X5.46922 Y-2.03246
X5.46822 Y-2.03246
X5.46822 Y-2.03346
X5.46722 Y-2.03346
X5.46722 Y-2.03446
X5.46622 Y-2.03446
X5.46622 Y-2.03546
X5.46522 Y-2.03546
X5.46522 Y-2.03646
X5.46422 Y-2.03646
X5.46422 Y-2.03746
X5.46322 Y-2.03746
X5.46322 Y-2.03846
X5.46222 Y-2.03846
X5.46222 Y-2.03946
X5.46122 Y-2.03946
X5.46122 Y-2.04046
X5.46022 Y-2.04046
X5.46022 Y-2.04146
X5.45922 Y-2.04146
X5.45922 Y-2.04246
X5.45822 Y-2.04246
X5.45822 Y-2.04346
X5.45722 Y-2.04346
X5.45722 Y-2.04446
X5.45622 Y-2.04446
X5.45622 Y-2.04546
X5.45522 Y-2.04546
X5.45522 Y-2.04646
X5.27922 Y-2.04646
X5.27922 Y-2.04746
X5.27622 Y-2.04746
X5.27622 Y-2.04846
X5.27322 Y-2.04846
X5.27322 Y-2.04946
X5.27222 Y-2.04946
X5.27222 Y-2.05046
X5.27022 Y-2.05046
X5.27022 Y-2.05146
X5.26822 Y-2.05146
X5.26822 Y-2.05246
X5.26722 Y-2.05246
X5.26722 Y-2.05346
X5.26622 Y-2.05346
X5.26622 Y-2.05446
X5.26522 Y-2.05446
X5.26522 Y-2.05546
X5.26422 Y-2.05546
X5.26422 Y-2.05646
X5.26322 Y-2.05646
X5.26322 Y-2.05746
X5.26222 Y-2.05746
X5.26222 Y-2.05846
X5.26122 Y-2.05846
X5.26122 Y-2.05946
X5.26022 Y-2.05946
X5.26022 Y-2.06046
X5.25922 Y-2.06046
X5.25922 Y-2.06146
X5.25822 Y-2.06146
X5.25822 Y-2.06246
X5.25722 Y-2.06246
X5.25722 Y-2.06346
X5.25622 Y-2.06346
X5.25622 Y-2.06446
X5.25522 Y-2.06446
X5.25522 Y-2.06546
X5.25422 Y-2.06546
X5.25422 Y-2.06646
X5.25322 Y-2.06646
X5.25322 Y-2.06746
X5.25222 Y-2.06746
X5.25222 Y-2.06846
X5.25122 Y-2.06846
X5.25122 Y-2.06946
X5.25022 Y-2.06946
X5.25022 Y-2.07046
X5.24922 Y-2.07046
X5.24922 Y-2.07146
X5.24822 Y-2.07146
X5.24822 Y-2.07246
X5.24722 Y-2.07246
X5.24722 Y-2.07346
X5.24622 Y-2.07346
X5.24622 Y-2.07446
X5.24522 Y-2.07446
X5.24522 Y-2.07546
X5.24422 Y-2.07546
X5.24422 Y-2.07646
X5.24322 Y-2.07646
X5.24322 Y-2.07746
X5.24222 Y-2.07746
X5.24222 Y-2.07846
X5.24122 Y-2.07846
X5.24122 Y-2.07946
X5.24022 Y-2.07946
X5.24022 Y-2.08046
X5.23922 Y-2.08046
X5.23922 Y-2.08146
X5.23822 Y-2.08146
X5.23822 Y-2.08246
X5.23722 Y-2.08246
X5.23722 Y-2.08346
X5.23622 Y-2.08346
X5.23622 Y-2.08446
X5.23522 Y-2.08446
X5.23522 Y-2.08546
X5.23422 Y-2.08546
X5.23422 Y-2.08646
X5.23322 Y-2.08646
X5.23322 Y-2.08746
X5.23222 Y-2.08746
X5.23222 Y-2.08846
X5.23122 Y-2.08846
X5.23122 Y-2.08946
X5.23022 Y-2.08946
X5.23022 Y-2.09046
X5.22922 Y-2.09046
X5.22922 Y-2.09146
X5.22822 Y-2.09146
X5.22822 Y-2.09246
X5.22722 Y-2.09246
X5.22722 Y-2.09346
X5.22622 Y-2.09346
X5.22622 Y-2.09446
X5.22522 Y-2.09446
X5.22522 Y-2.09546
X5.22422 Y-2.09546
X5.22422 Y-2.09646
X5.22322 Y-2.09646
X5.22322 Y-2.09746
X5.22222 Y-2.09746
X5.22222 Y-2.09946
X5.22122 Y-2.09946
X5.22122 Y-2.10046
X5.22022 Y-2.10046
X5.22022 Y-2.10146
X5.21922 Y-2.10146
X5.21922 Y-2.10246
X5.21822 Y-2.10246
X5.21822 Y-2.10546
X5.21722 Y-2.10546
X5.21722 Y-2.10746
X5.21622 Y-2.10746
X5.21622 Y-2.11146
X5.21522 Y-2.11146
X5.21522 Y-2.13446
X5.21422 Y-2.13446
X5.21422 Y-2.13546
X5.21322 Y-2.13546
X5.21322 Y-2.13646
X5.21122 Y-2.13646
X5.21122 Y-2.13846
X5.21022 Y-2.13846
X5.21022 Y-2.13946
X5.20922 Y-2.13946
X5.20922 Y-2.14046
X5.20822 Y-2.14046
X5.20822 Y-2.14146
X5.20722 Y-2.14146
X5.20722 Y-2.14246
X5.20622 Y-2.14246
X5.20622 Y-2.14446
X5.20522 Y-2.14446
X5.20522 Y-2.14646
X5.20422 Y-2.14646
X5.20422 Y-2.14746
X5.20322 Y-2.14746
X5.20322 Y-2.15046
X5.20222 Y-2.15046
X5.20222 Y-2.15346
X5.20122 Y-2.15346
X5.20122 Y-2.15646
X5.20022 Y-2.15646
X5.20022 Y-2.23546
X5.20122 Y-2.23546
X5.20122 Y-2.23846
X5.20222 Y-2.23846
X5.20222 Y-2.24146
X5.20322 Y-2.24146
X5.20322 Y-2.24446
X5.20422 Y-2.24446
X5.20422 Y-2.24546
X5.20522 Y-2.24546
X5.20522 Y-2.24746
X5.20622 Y-2.24746
X5.20622 Y-2.24946
X5.20722 Y-2.24946
X5.20722 Y-2.25046
X5.20822 Y-2.25046
X5.20822 Y-2.25146
X5.20922 Y-2.25146
X5.20922 Y-2.25246
X5.21022 Y-2.25246
X5.21022 Y-2.25346
X5.21122 Y-2.25346
X5.21122 Y-2.25546
X5.21322 Y-2.25546
X5.21322 Y-2.25646
X5.21422 Y-2.25646
X5.21422 Y-2.25746
X5.21622 Y-2.25746
X5.21622 Y-2.25846
X5.21822 Y-2.25846
X5.21822 Y-2.25946
X5.22022 Y-2.25946
X5.22022 Y-2.26046
X5.22122 Y-2.26046
X5.22122 Y-2.26146
X5.22322 Y-2.26146
X5.22322 Y-2.26246
X5.22522 Y-2.26246
X5.22522 Y-2.26346
X5.23122 Y-2.26346
X5.23122 Y-2.26446
X5.23722 Y-2.26446
X5.23722 Y-2.26546
X5.24222 Y-2.26546
X5.24222 Y-2.26446
X5.24822 Y-2.26446
X5.24822 Y-2.26346
X5.25422 Y-2.26346
X5.25422 Y-2.26246
X5.25622 Y-2.26246
X5.25622 Y-2.26146
X5.25822 Y-2.26146
X5.25822 Y-2.26046
X5.25922 Y-2.26046
X5.25922 Y-2.25946
X5.26122 Y-2.25946
X5.26122 Y-2.25846
X5.26322 Y-2.25846
X5.26322 Y-2.25746
X5.26522 Y-2.25746
X5.26522 Y-2.25646
X5.26622 Y-2.25646
X5.26622 Y-2.25546
X5.26822 Y-2.25546
X5.26822 Y-2.25346
X5.26922 Y-2.25346
X5.26922 Y-2.25246
X5.27022 Y-2.25246
X5.27022 Y-2.25146
X5.27122 Y-2.25146
X5.27122 Y-2.25046
X5.27222 Y-2.25046
X5.27222 Y-2.24946
X5.27322 Y-2.24946
X5.27322 Y-2.24746
X5.27422 Y-2.24746
X5.27422 Y-2.24546
X5.27522 Y-2.24546
X5.27522 Y-2.24446
X5.27622 Y-2.24446
X5.27622 Y-2.24146
X5.27722 Y-2.24146
X5.27722 Y-2.23846
X5.27822 Y-2.23846
X5.27822 Y-2.23546
X5.27922 Y-2.23546
X5.27922 Y-2.15646
X5.27822 Y-2.15646
X5.27822 Y-2.15346
X5.27722 Y-2.15346
X5.27722 Y-2.15046
X5.27622 Y-2.15046
X5.27622 Y-2.14746
X5.27522 Y-2.14746
X5.27522 Y-2.14646
X5.27422 Y-2.14646
X5.27422 Y-2.14446
X5.27322 Y-2.14446
X5.27322 Y-2.14246
X5.27222 Y-2.14246
X5.27222 Y-2.14146
X5.27122 Y-2.14146
X5.27122 Y-2.14046
X5.27022 Y-2.14046
X5.27022 Y-2.13946
X5.26922 Y-2.13946
X5.26922 Y-2.13846
X5.26822 Y-2.13846
X5.26822 Y-2.13646
X5.26622 Y-2.13646
X5.26622 Y-2.13546
X5.26522 Y-2.13546
X5.26522 Y-2.13446
X5.26322 Y-2.13446
X5.26322 Y-2.12546
X5.26422 Y-2.12546
X5.26422 Y-2.12446
X5.26522 Y-2.12446
X5.26522 Y-2.12346
X5.26622 Y-2.12346
X5.26622 Y-2.12246
X5.26722 Y-2.12246
X5.26722 Y-2.12146
X5.26822 Y-2.12146
X5.26822 Y-2.12046
X5.26922 Y-2.12046
X5.26922 Y-2.11946
X5.27022 Y-2.11946
X5.27022 Y-2.11846
X5.27122 Y-2.11846
X5.27122 Y-2.11746
X5.27222 Y-2.11746
X5.27222 Y-2.11646
X5.27322 Y-2.11646
X5.27322 Y-2.11546
X5.27422 Y-2.11546
X5.27422 Y-2.11446
X5.27522 Y-2.11446
X5.27522 Y-2.11346
X5.27622 Y-2.11346
X5.27622 Y-2.11246
X5.27722 Y-2.11246
X5.27722 Y-2.11146
X5.27822 Y-2.11146
X5.27822 Y-2.11046
X5.27922 Y-2.11046
X5.27922 Y-2.10946
X5.28022 Y-2.10946
X5.28022 Y-2.10846
X5.28122 Y-2.10846
X5.28122 Y-2.10746
X5.28222 Y-2.10746
X5.28222 Y-2.10646
X5.28322 Y-2.10646
X5.28322 Y-2.10546
X5.28422 Y-2.10546
X5.28422 Y-2.10446
X5.28522 Y-2.10446
X5.28522 Y-2.10346
X5.28622 Y-2.10346
X5.28622 Y-2.10246
X5.28722 Y-2.10246
X5.28722 Y-2.10146
X5.28822 Y-2.10146
X5.28822 Y-2.10046
X5.28922 Y-2.10046
X5.28922 Y-2.09946
X5.29022 Y-2.09946
X5.29022 Y-2.09846
X5.29122 Y-2.09846
X5.29122 Y-2.09746
X5.29222 Y-2.09746
X5.29222 Y-2.09646
X5.29322 Y-2.09646
X5.29322 Y-2.09546
X5.29422 Y-2.09546
X5.29422 Y-2.09446
X5.45422 Y-2.09446
X5.45422 Y-2.09746
X5.45522 Y-2.09746
X5.45522 Y-2.09946
X5.45622 Y-2.09946
X5.45622 Y-2.10146
X5.45722 Y-2.10146
X5.45722 Y-2.10246
X5.46022 Y-2.10246
X5.46022 Y-2.10346
X5.54922 Y-2.10346
X5.54922 Y-2.10246
X5.55222 Y-2.10246
X5.55222 Y-2.10146
X5.55322 Y-2.10146
X5.55322 Y-2.09946
X5.55422 Y-2.09946
X5.55422 Y-2.09746
X5.55522 Y-2.09746
X5.55522 Y-2.05846
X5.55422 Y-2.05846
X5.55422 Y-2.05646
X5.55322 Y-2.05646
X5.55322 Y-2.05446
X5.55222 Y-2.05446
X5.55222 Y-2.05346
X5.54922 Y-2.05346
X5.54922 Y-2.05246
X5.51822 Y-2.05246
X5.51822 Y-2.05146
X5.51922 Y-2.05146
X5.51922 Y-2.05046
X5.52022 Y-2.05046
X5.52022 Y-2.04946
X5.52122 Y-2.04946
X5.52122 Y-2.04846
X5.52222 Y-2.04846
X5.52222 Y-2.04746
X5.52322 Y-2.04746
X5.52322 Y-2.04646
X5.52422 Y-2.04646
X5.52422 Y-2.04546
X5.52522 Y-2.04546
X5.52522 Y-2.04446
X5.52622 Y-2.04446
X5.52622 Y-2.04346
X5.52722 Y-2.04346
X5.52722 Y-2.04246
X5.52822 Y-2.04246
X5.52822 Y-2.04146
X5.52922 Y-2.04146
X5.52922 Y-2.04046
X5.53022 Y-2.04046
X5.53022 Y-2.03946
X5.53122 Y-2.03946
X5.53122 Y-2.03846
X5.53222 Y-2.03846
X5.53222 Y-2.03746
X5.53322 Y-2.03746
X5.53322 Y-2.03646
X5.53422 Y-2.03646
X5.53422 Y-2.03546
X5.53522 Y-2.03546
X5.53522 Y-2.03446
X5.53622 Y-2.03446
X5.53622 Y-2.03346
X5.53722 Y-2.03346
X5.53722 Y-2.03246
X5.53822 Y-2.03246
X5.53822 Y-2.03146
X5.53922 Y-2.03146
X5.53922 Y-2.03046
X5.54022 Y-2.03046
X5.54022 Y-2.02946
X5.54122 Y-2.02946
X5.54122 Y-2.02846
X5.54222 Y-2.02846
X5.54222 Y-2.02746
X5.54322 Y-2.02746
X5.54322 Y-2.02646
X5.54422 Y-2.02646
X5.54422 Y-2.02546
X5.54522 Y-2.02546
X5.54522 Y-2.02446
X5.54622 Y-2.02446
X5.54622 Y-2.02346
X5.54722 Y-2.02346
X5.54722 Y-2.02246
X5.54822 Y-2.02246
X5.54822 Y-2.02146
X5.54922 Y-2.02146
X5.54922 Y-2.02046
X5.55022 Y-2.02046
X5.55022 Y-2.01946
X5.55122 Y-2.01946
X5.55122 Y-2.01846
X5.55222 Y-2.01846
X5.55222 Y-2.01746
X5.55322 Y-2.01746
X5.55322 Y-2.01646
X5.55422 Y-2.01646
X5.55422 Y-2.01546
X5.55522 Y-2.01546
X5.55522 Y-2.01446
X5.55622 Y-2.01446
X5.55622 Y-2.01346
X5.55722 Y-2.01346
X5.55722 Y-2.01246
X5.55822 Y-2.01246
X5.55822 Y-2.01146
X5.55922 Y-2.01146
X5.55922 Y-2.01046
X5.56022 Y-2.01046
X5.56022 Y-2.00946
X5.56122 Y-2.00946
X5.56122 Y-2.00846
X5.56222 Y-2.00846
X5.56222 Y-2.00746
X5.56322 Y-2.00746
X5.56322 Y-2.00646
X5.56422 Y-2.00646
X5.56422 Y-2.00546
X5.56522 Y-2.00546
X5.56522 Y-2.00446
X5.56622 Y-2.00446
X5.56622 Y-2.00346
X5.56722 Y-2.00346
X5.56722 Y-2.00246
X5.56822 Y-2.00246
X5.56822 Y-2.00146
X5.56922 Y-2.00146
X5.56922 Y-2.00046
X5.57022 Y-2.00046
X5.57022 Y-1.99946
X5.57122 Y-1.99946
X5.57122 Y-1.99846
X5.57222 Y-1.99846
X5.57222 Y-1.99746
X5.57322 Y-1.99746
X5.57322 Y-1.99646
X5.57422 Y-1.99646
X5.57422 Y-1.99546
X5.57522 Y-1.99546
X5.57522 Y-1.99446
X5.57622 Y-1.99446
X5.57622 Y-1.99346
X5.57722 Y-1.99346
X5.57722 Y-1.99246
X5.57822 Y-1.99246
X5.57822 Y-1.99146
X5.57922 Y-1.99146
X5.57922 Y-1.99046
X5.58022 Y-1.99046
X5.58022 Y-1.98946
X5.58122 Y-1.98946
X5.58122 Y-1.98846
X5.58222 Y-1.98846
X5.58222 Y-1.98746
X5.58322 Y-1.98746
X5.58322 Y-1.98646
X5.58422 Y-1.98646
X5.58422 Y-1.98546
X5.58522 Y-1.98546
X5.58522 Y-1.98446
X5.58622 Y-1.98446
X5.58622 Y-1.98346
X5.58722 Y-1.98346
X5.58722 Y-1.98246
X5.58822 Y-1.98246
X5.58822 Y-1.98146
X5.58922 Y-1.98146
X5.58922 Y-1.98046
X5.59022 Y-1.98046
X5.59022 Y-1.97946
X5.59122 Y-1.97946
X5.59122 Y-1.97846
X5.59222 Y-1.97846
X5.59222 Y-1.97746
X5.59322 Y-1.97746
X5.59322 Y-1.97646
X5.59422 Y-1.97646
X5.59422 Y-1.97546
X5.59522 Y-1.97546
X5.59522 Y-1.97446
X5.59622 Y-1.97446
X5.59622 Y-1.97346
X5.59722 Y-1.97346
X5.59722 Y-1.97246
X5.59822 Y-1.97246
X5.59822 Y-1.97146
X5.59922 Y-1.97146
X5.59922 Y-1.97046
X5.60022 Y-1.97046
X5.60022 Y-1.96946
X5.60122 Y-1.96946
X5.60122 Y-1.96846
X5.60222 Y-1.96846
X5.60222 Y-1.96746
X5.60322 Y-1.96746
X5.60322 Y-1.96646
X5.60422 Y-1.96646
X5.60422 Y-1.96546
X5.60522 Y-1.96546
X5.60522 Y-1.96446
X5.60622 Y-1.96446
X5.60622 Y-1.96346
X5.60722 Y-1.96346
X5.60722 Y-1.96246
X5.60822 Y-1.96246
X5.60822 Y-1.96146
X5.60922 Y-1.96146
X5.60922 Y-1.96046
X5.61022 Y-1.96046
X5.61022 Y-1.95946
X5.61122 Y-1.95946
X5.61122 Y-1.95846
X5.61222 Y-1.95846
X5.61222 Y-1.95746
X5.61322 Y-1.95746
X5.61322 Y-1.95646
X5.61422 Y-1.95646
X5.61422 Y-1.95546
X5.61522 Y-1.95546
X5.61522 Y-1.95446
X5.61622 Y-1.95446
X5.61622 Y-1.95346
X5.61722 Y-1.95346
X5.61722 Y-1.95246
X5.61822 Y-1.95246
X5.61822 Y-1.95146
X5.61922 Y-1.95146
X5.61922 Y-1.95046
X5.62022 Y-1.95046
X5.62022 Y-1.94946
X5.62122 Y-1.94946
X5.62122 Y-1.94846
X5.62222 Y-1.94846
X5.62222 Y-1.94746
X5.62322 Y-1.94746
X5.62322 Y-1.94646
X5.62422 Y-1.94646
X5.62422 Y-1.94546
X5.62522 Y-1.94546
X5.62522 Y-1.94446
X5.62622 Y-1.94446
X5.62622 Y-1.94346
X5.62722 Y-1.94346
X5.62722 Y-1.94246
X5.62822 Y-1.94246
X5.62822 Y-1.94146
X5.62922 Y-1.94146
X5.62922 Y-1.94046
X5.63022 Y-1.94046
X5.63022 Y-1.93946
X5.63122 Y-1.93946
X5.63122 Y-1.93746
X5.63222 Y-1.93746
X5.63222 Y-1.93646
X5.63322 Y-1.93646
X5.63322 Y-1.93546
X5.63422 Y-1.93546
X5.63422 Y-1.93446
X5.63522 Y-1.93446
X5.63522 Y-1.93246
X5.63622 Y-1.93246
X5.63622 Y-1.92946
X5.63722 Y-1.92946
X5.63722 Y-1.92546
X5.63822 Y-1.92546
X5.63822 Y-1.91746
X5.63722 Y-1.91746
X5.63722 Y-1.83046
X5.65722 Y-1.83046
X5.65722 Y-1.82946
X5.66022 Y-1.82946
X5.66022 Y-1.82846
X5.66222 Y-1.82846
X5.66222 Y-1.82746
X5.66322 Y-1.82746
X5.66322 Y-1.82646
X5.66422 Y-1.82646
X5.66422 Y-1.82446
X5.66522 Y-1.82446
X5.66522 Y-1.73346
X5.66422 Y-1.73346
X5.66422 Y-1.73146
X5.66322 Y-1.73146
X5.66322 Y-1.73046
X5.66222 Y-1.73046
X5.66222 Y-1.72946
X5.66022 Y-1.72946
X5.66022 Y-1.72846
X5.65722 Y-1.72846
X5.65722 Y-1.72746
X5.57022 Y-1.72746
X5.57022 Y-1.72846
G04 P0 ( dwell for no time -- G64 should not smooth over this point )
G00 Z0.19685 ( retract )

G00 X5.11522 Y-1.72846 ( rapid move to begin. )
G01 Z-0.00394 F3.93701 ( plunge. )
G04 P0 ( dwell for no time -- G64 should not smooth over this point )
X5.11522 Y-1.72846
X5.11222 Y-1.72846
X5.11222 Y-1.72946
X5.11022 Y-1.72946
X5.11022 Y-1.73046
X5.10922 Y-1.73046
X5.10922 Y-1.73146
X5.10822 Y-1.73146
X5.10822 Y-1.73346
X5.10722 Y-1.73346
X5.10722 Y-1.82446
X5.10822 Y-1.82446
X5.10822 Y-1.82646
X5.10922 Y-1.82646
X5.10922 Y-1.82746
X5.11022 Y-1.82746
X5.11022 Y-1.82846
X5.11222 Y-1.82846
X5.11222 Y-1.82946
X5.11522 Y-1.82946
X5.11522 Y-1.83046
X5.12822 Y-1.83046
X5.12822 Y-1.89346
X5.12722 Y-1.89346
X5.12722 Y-1.89446
X5.12622 Y-1.89446
X5.12622 Y-1.89546
X5.12522 Y-1.89546
X5.12522 Y-1.89646
X5.12422 Y-1.89646
X5.12422 Y-1.89746
X5.12322 Y-1.89746
X5.12322 Y-1.89846
X5.12222 Y-1.89846
X5.12222 Y-1.89946
X5.12122 Y-1.89946
X5.12122 Y-1.90046
X5.12022 Y-1.90046
X5.12022 Y-1.90146
X5.11922 Y-1.90146
X5.11922 Y-1.90246
X5.11822 Y-1.90246
X5.11822 Y-1.90346
X5.11722 Y-1.90346
X5.11722 Y-1.90446
X5.11622 Y-1.90446
X5.11622 Y-1.90546
X5.11522 Y-1.90546
X5.11522 Y-1.90646
X5.11422 Y-1.90646
X5.11422 Y-1.90746
X5.11322 Y-1.90746
X5.11322 Y-1.90846
X5.11222 Y-1.90846
X5.11222 Y-1.90946
X5.11122 Y-1.90946
X5.11122 Y-1.91046
X5.11022 Y-1.91046
X5.11022 Y-1.91146
X5.10922 Y-1.91146
X5.10922 Y-1.91246
X5.10822 Y-1.91246
X5.10822 Y-1.91346
X5.10722 Y-1.91346
X5.10722 Y-1.91446
X5.10622 Y-1.91446
X5.10622 Y-1.91546
X5.10522 Y-1.91546
X5.10522 Y-1.91646
X5.10422 Y-1.91646
X5.10422 Y-1.91746
X5.10322 Y-1.91746
X5.10322 Y-1.91846
X5.10222 Y-1.91846
X5.10222 Y-1.91946
X5.10122 Y-1.91946
X5.10122 Y-1.92046
X5.10022 Y-1.92046
X5.10022 Y-1.92146
X5.09922 Y-1.92146
X5.09922 Y-1.92246
X5.09822 Y-1.92246
X5.09822 Y-1.92346
X5.09722 Y-1.92346
X5.09722 Y-1.92446
X5.09622 Y-1.92446
X5.09622 Y-1.92546
X5.09522 Y-1.92546
X5.09522 Y-1.92646
X5.09422 Y-1.92646
X5.09422 Y-1.92746
X5.09322 Y-1.92746
X5.09322 Y-1.92846
X5.09222 Y-1.92846
X5.09222 Y-1.92946
X5.09122 Y-1.92946
X5.09122 Y-1.93046
X5.09022 Y-1.93046
X5.09022 Y-1.93146
X5.08922 Y-1.93146
X5.08922 Y-1.93246
X5.08822 Y-1.93246
X5.08822 Y-1.93346
X5.08722 Y-1.93346
X5.08722 Y-1.93446
X5.08622 Y-1.93446
X5.08622 Y-1.93546
X5.08522 Y-1.93546
X5.08522 Y-1.93646
X5.08422 Y-1.93646
X5.08422 Y-1.93746
X5.08322 Y-1.93746
X5.08322 Y-1.93846
X5.08222 Y-1.93846
X5.08222 Y-1.93946
X5.08122 Y-1.93946
X5.08122 Y-1.94046
X5.08022 Y-1.94046
X5.08022 Y-1.94146
X5.07922 Y-1.94146
X5.07922 Y-1.94246
X5.07822 Y-1.94246
X5.07822 Y-1.94346
X5.07722 Y-1.94346
X5.07722 Y-1.94446
X5.07622 Y-1.94446
X5.07622 Y-1.94546
X5.07522 Y-1.94546
X5.07522 Y-1.94646
X4.79222 Y-1.94646
X4.79222 Y-1.94546
X4.79122 Y-1.94546
X4.79122 Y-1.94446
X4.79022 Y-1.94446
X4.79022 Y-1.94346
X4.78922 Y-1.94346
X4.78922 Y-1.94246
X4.78822 Y-1.94246
X4.78822 Y-1.94146
X4.78722 Y-1.94146
X4.78722 Y-1.94046
X4.78622 Y-1.94046
X4.78622 Y-1.93946
X4.78522 Y-1.93946
X4.78522 Y-1.93846
X4.78422 Y-1.93846
X4.78422 Y-1.93746
X4.78322 Y-1.93746
X4.78322 Y-1.93646
X4.78222 Y-1.93646
X4.78222 Y-1.93546
X4.78122 Y-1.93546
X4.78122 Y-1.93446
X4.78022 Y-1.93446
X4.78022 Y-1.93346
X4.77922 Y-1.93346
X4.77922 Y-1.93246
X4.77822 Y-1.93246
X4.77822 Y-1.93146
X4.77722 Y-1.93146
X4.77722 Y-1.93046
X4.77622 Y-1.93046
X4.77622 Y-1.92946
X4.77522 Y-1.92946
X4.77522 Y-1.92846
X4.77422 Y-1.92846
X4.77422 Y-1.92746
X4.77322 Y-1.92746
X4.77322 Y-1.92646
X4.77222 Y-1.92646
X4.77222 Y-1.92546
X4.77122 Y-1.92546
X4.77122 Y-1.92446
X4.77022 Y-1.92446
X4.77022 Y-1.92346
X4.76922 Y-1.92346
X4.76922 Y-1.92246
X4.76822 Y-1.92246
X4.76822 Y-1.92146
X4.76722 Y-1.92146
X4.76722 Y-1.92046
X4.76622 Y-1.92046
X4.76622 Y-1.91946
X4.76522 Y-1.91946
X4.76522 Y-1.91846
X4.76422 Y-1.91846
X4.76422 Y-1.91746
X4.76322 Y-1.91746
X4.76322 Y-1.91646
X4.76222 Y-1.91646
X4.76222 Y-1.91546
X4.76122 Y-1.91546
X4.76122 Y-1.91446
X4.76022 Y-1.91446
X4.76022 Y-1.91346
X4.75922 Y-1.91346
X4.75922 Y-1.91246
X4.75822 Y-1.91246
X4.75822 Y-1.91146
X4.75722 Y-1.91146
X4.75722 Y-1.91046
X4.75622 Y-1.91046
X4.75622 Y-1.90946
X4.75522 Y-1.90946
X4.75522 Y-1.90846
X4.75422 Y-1.90846
X4.75422 Y-1.90746
X4.75322 Y-1.90746
X4.75322 Y-1.90646
X4.75222 Y-1.90646
X4.75222 Y-1.90546
X4.75122 Y-1.90546
X4.75122 Y-1.90446
X4.75022 Y-1.90446
X4.75022 Y-1.90346
X4.74922 Y-1.90346
X4.74922 Y-1.90246
X4.74822 Y-1.90246
X4.74822 Y-1.90146
X4.74722 Y-1.90146
X4.74722 Y-1.90046
X4.74622 Y-1.90046
X4.74622 Y-1.89946
X4.74522 Y-1.89946
X4.74522 Y-1.89846
X4.74422 Y-1.89846
X4.74422 Y-1.89746
X4.74322 Y-1.89746
X4.74322 Y-1.89646
X4.74222 Y-1.89646
X4.74222 Y-1.89546
X4.74122 Y-1.89546
X4.74122 Y-1.89446
X4.74022 Y-1.89446
X4.74022 Y-1.89346
X4.73922 Y-1.89346
X4.73922 Y-1.83046
X4.75322 Y-1.83046
X4.75322 Y-1.82946
X4.75622 Y-1.82946
X4.75622 Y-1.82846
X4.75822 Y-1.82846
X4.75822 Y-1.82746
X4.75922 Y-1.82746
X4.75922 Y-1.82646
X4.76022 Y-1.82646
X4.76022 Y-1.82446
X4.76122 Y-1.82446
X4.76122 Y-1.73346
X4.76022 Y-1.73346
X4.76022 Y-1.73146
X4.75922 Y-1.73146
X4.75922 Y-1.73046
X4.75822 Y-1.73046
X4.75822 Y-1.72946
X4.75622 Y-1.72946
X4.75622 Y-1.72846
X4.75322 Y-1.72846
X4.75322 Y-1.72746
X4.66622 Y-1.72746
X4.66622 Y-1.72846
X4.66322 Y-1.72846
X4.66322 Y-1.72946
X4.66122 Y-1.72946
X4.66122 Y-1.73046
X4.66022 Y-1.73046
X4.66022 Y-1.73146
X4.65922 Y-1.73146
X4.65922 Y-1.73346
X4.65822 Y-1.73346
X4.65822 Y-1.82446
X4.65922 Y-1.82446
X4.65922 Y-1.82646
X4.66022 Y-1.82646
X4.66022 Y-1.82746
X4.66122 Y-1.82746
X4.66122 Y-1.82846
X4.66322 Y-1.82846
X4.66322 Y-1.82946
X4.66622 Y-1.82946
X4.66622 Y-1.83046
X4.67922 Y-1.83046
X4.67922 Y-1.91046
X4.68022 Y-1.91046
X4.68022 Y-1.91446
X4.68122 Y-1.91446
X4.68122 Y-1.91746
X4.68222 Y-1.91746
X4.68222 Y-1.91946
X4.68322 Y-1.91946
X4.68322 Y-1.92146
X4.68422 Y-1.92146
X4.68422 Y-1.92246
X4.68522 Y-1.92246
X4.68522 Y-1.92446
X4.68622 Y-1.92446
X4.68622 Y-1.92546
X4.68722 Y-1.92546
X4.68722 Y-1.92646
X4.68822 Y-1.92646
X4.68822 Y-1.92746
X4.68922 Y-1.92746
X4.68922 Y-1.92846
X4.69022 Y-1.92846
X4.69022 Y-1.92946
X4.69122 Y-1.92946
X4.69122 Y-1.93046
X4.69222 Y-1.93046
X4.69222 Y-1.93146
X4.69322 Y-1.93146
X4.69322 Y-1.93246
X4.69422 Y-1.93246
X4.69422 Y-1.93346
X4.69522 Y-1.93346
X4.69522 Y-1.93446
X4.69622 Y-1.93446
X4.69622 Y-1.93546
X4.69722 Y-1.93546
X4.69722 Y-1.93646
X4.69822 Y-1.93646
X4.69822 Y-1.93746
X4.69922 Y-1.93746
X4.69922 Y-1.93846
X4.70022 Y-1.93846
X4.70022 Y-1.93946
X4.70122 Y-1.93946
X4.70122 Y-1.94046
X4.70222 Y-1.94046
X4.70222 Y-1.94146
X4.70322 Y-1.94146
X4.70322 Y-1.94246
X4.70422 Y-1.94246
X4.70422 Y-1.94346
X4.70522 Y-1.94346
X4.70522 Y-1.94446
X4.70622 Y-1.94446
X4.70622 Y-1.94546
X4.70722 Y-1.94546
X4.70722 Y-1.94646
X4.70822 Y-1.94646
X4.70822 Y-1.94746
X4.70922 Y-1.94746
X4.70922 Y-1.94846
X4.71022 Y-1.94846
X4.71022 Y-1.94946
X4.71122 Y-1.94946
X4.71122 Y-1.95046
X4.71222 Y-1.95046
X4.71222 Y-1.95146
X4.71322 Y-1.95146
X4.71322 Y-1.95246
X4.71422 Y-1.95246
X4.71422 Y-1.95346
X4.71522 Y-1.95346
X4.71522 Y-1.95446
X4.71622 Y-1.95446
X4.71622 Y-1.95546
X4.71722 Y-1.95546
X4.71722 Y-1.95646
X4.71822 Y-1.95646
X4.71822 Y-1.95746
X4.71922 Y-1.95746
X4.71922 Y-1.95846
X4.72022 Y-1.95846
X4.72022 Y-1.95946
X4.72122 Y-1.95946
X4.72122 Y-1.96046
X4.72222 Y-1.96046
X4.72222 Y-1.96146
X4.72322 Y-1.96146
X4.72322 Y-1.96246
X4.72422 Y-1.96246
X4.72422 Y-1.96346
X4.72522 Y-1.96346
X4.72522 Y-1.96446
X4.72622 Y-1.96446
X4.72622 Y-1.96546
X4.72722 Y-1.96546
X4.72722 Y-1.96646
X4.72822 Y-1.96646
X4.72822 Y-1.96746
X4.72922 Y-1.96746
X4.72922 Y-1.96846
X4.73022 Y-1.96846
X4.73022 Y-1.96946
X4.73122 Y-1.96946
X4.73122 Y-1.97046
X4.73222 Y-1.97046
X4.73222 Y-1.97146
X4.73322 Y-1.97146
X4.73322 Y-1.97246
X4.73422 Y-1.97246
X4.73422 Y-1.97346
X4.73522 Y-1.97346
X4.73522 Y-1.97446
X4.73622 Y-1.97446
X4.73622 Y-1.97546
X4.73722 Y-1.97546
X4.73722 Y-1.97646
X4.73822 Y-1.97646
X4.73822 Y-1.97746
X4.73922 Y-1.97746
X4.73922 Y-1.97846
X4.74022 Y-1.97846
X4.74022 Y-1.97946
X4.74122 Y-1.97946
X4.74122 Y-1.98046
X4.74222 Y-1.98046
X4.74222 Y-1.98146
X4.74322 Y-1.98146
X4.74322 Y-1.98246
X4.74422 Y-1.98246
X4.74422 Y-1.98346
X4.74522 Y-1.98346
X4.74522 Y-1.98446
X4.74622 Y-1.98446
X4.74622 Y-1.98546
X4.74722 Y-1.98546
X4.74722 Y-1.98646
X4.74622 Y-1.98646
X4.74622 Y-1.98746
X4.74522 Y-1.98746
X4.74522 Y-1.98846
X4.74422 Y-1.98846
X4.74422 Y-1.98946
X4.74322 Y-1.98946
X4.74322 Y-1.99046
X4.74222 Y-1.99046
X4.74222 Y-1.99146
X4.74122 Y-1.99146
X4.74122 Y-1.99246
X4.74022 Y-1.99246
X4.74022 Y-1.99346
X4.73922 Y-1.99346
X4.73922 Y-1.99446
X4.73822 Y-1.99446
X4.73822 Y-1.99546
X4.73722 Y-1.99546
X4.73722 Y-1.99646
X4.73622 Y-1.99646
X4.73622 Y-1.99746
X4.73522 Y-1.99746
X4.73522 Y-1.99846
X4.73422 Y-1.99846
X4.73422 Y-1.99946
X4.73322 Y-1.99946
X4.73322 Y-2.00046
X4.73222 Y-2.00046
X4.73222 Y-2.00146
X4.73122 Y-2.00146
X4.73122 Y-2.00246
X4.73022 Y-2.00246
X4.73022 Y-2.00346
X4.72922 Y-2.00346
X4.72922 Y-2.00446
X4.72822 Y-2.00446
X4.72822 Y-2.00546
X4.72722 Y-2.00546
X4.72722 Y-2.00646
X4.72622 Y-2.00646
X4.72622 Y-2.00746
X4.72522 Y-2.00746
X4.72522 Y-2.00846
X4.72422 Y-2.00846
X4.72422 Y-2.00946
X4.72322 Y-2.00946
X4.72322 Y-2.01046
X4.72222 Y-2.01046
X4.72222 Y-2.01146
X4.72122 Y-2.01146
X4.72122 Y-2.01246
X4.72022 Y-2.01246
X4.72022 Y-2.01346
X4.71922 Y-2.01346
X4.71922 Y-2.01446
X4.71822 Y-2.01446
X4.71822 Y-2.01546
X4.71722 Y-2.01546
X4.71722 Y-2.01646
X4.71622 Y-2.01646
X4.71622 Y-2.01746
X4.71522 Y-2.01746
X4.71522 Y-2.01846
X4.71422 Y-2.01846
X4.71422 Y-2.01946
X4.71322 Y-2.01946
X4.71322 Y-2.02046
X4.71222 Y-2.02046
X4.71222 Y-2.02146
X4.71122 Y-2.02146
X4.71122 Y-2.02246
X4.71022 Y-2.02246
X4.71022 Y-2.02346
X4.70922 Y-2.02346
X4.70922 Y-2.02446
X4.70822 Y-2.02446
X4.70822 Y-2.02546
X4.70722 Y-2.02546
X4.70722 Y-2.02646
X4.70622 Y-2.02646
X4.70622 Y-2.02746
X4.70522 Y-2.02746
X4.70522 Y-2.02846
X4.70422 Y-2.02846
X4.70422 Y-2.02946
X4.70322 Y-2.02946
X4.70322 Y-2.03046
X4.70222 Y-2.03046
X4.70222 Y-2.03146
X4.70122 Y-2.03146
X4.70122 Y-2.03246
X4.70022 Y-2.03246
X4.70022 Y-2.03346
X4.69922 Y-2.03346
X4.69922 Y-2.03446
X4.69822 Y-2.03446
X4.69822 Y-2.03546
X4.69722 Y-2.03546
X4.69722 Y-2.03646
X4.69622 Y-2.03646
X4.69622 Y-2.03746
X4.69522 Y-2.03746
X4.69522 Y-2.03846
X4.69422 Y-2.03846
X4.69422 Y-2.03946
X4.69322 Y-2.03946
X4.69322 Y-2.04046
X4.69222 Y-2.04046
X4.69222 Y-2.04146
X4.69122 Y-2.04146
X4.69122 Y-2.04246
X4.69022 Y-2.04246
X4.69022 Y-2.04446
X4.68922 Y-2.04446
X4.68922 Y-2.04846
X4.68822 Y-2.04846
X4.68822 Y-2.37646
X4.68922 Y-2.37646
X4.68922 Y-2.38046
X4.69022 Y-2.38046
X4.69022 Y-2.38246
X4.69122 Y-2.38246
X4.69122 Y-2.38346
X4.69222 Y-2.38346
X4.69222 Y-2.38446
X4.69322 Y-2.38446
X4.69322 Y-2.38546
X4.69422 Y-2.38546
X4.69422 Y-2.38646
X4.69522 Y-2.38646
X4.69522 Y-2.38746
X4.69622 Y-2.38746
X4.69622 Y-2.38846
X4.69722 Y-2.38846
X4.69722 Y-2.38946
X4.69822 Y-2.38946
X4.69822 Y-2.39046
X4.69922 Y-2.39046
X4.69922 Y-2.39146
X4.70022 Y-2.39146
X4.70022 Y-2.39246
X4.70122 Y-2.39246
X4.70122 Y-2.39346
X4.70222 Y-2.39346
X4.70222 Y-2.39446
X4.70322 Y-2.39446
X4.70322 Y-2.39546
X4.70422 Y-2.39546
X4.70422 Y-2.39646
X4.70522 Y-2.39646
X4.70522 Y-2.39746
X4.70622 Y-2.39746
X4.70622 Y-2.39846
X4.70722 Y-2.39846
X4.70722 Y-2.39946
X4.70822 Y-2.39946
X4.70822 Y-2.40046
X4.70922 Y-2.40046
X4.70922 Y-2.40146
X4.71022 Y-2.40146
X4.71022 Y-2.40246
X4.71122 Y-2.40246
X4.71122 Y-2.40346
X4.71222 Y-2.40346
X4.71222 Y-2.40446
X4.71322 Y-2.40446
X4.71322 Y-2.40546
X4.71422 Y-2.40546
X4.71422 Y-2.40646
X4.71522 Y-2.40646
X4.71522 Y-2.40746
X4.71722 Y-2.40746
X4.71722 Y-2.40846
X4.72022 Y-2.40846
X4.72022 Y-2.40946
X4.83622 Y-2.40946
X4.83622 Y-2.41046
X4.83722 Y-2.41046
X4.83722 Y-2.41146
X4.83822 Y-2.41146
X4.83822 Y-2.41246
X4.83922 Y-2.41246
X4.83922 Y-2.41346
X4.84022 Y-2.41346
X4.84022 Y-2.41446
X4.84122 Y-2.41446
X4.84122 Y-2.41546
X4.84222 Y-2.41546
X4.84222 Y-2.41646
X4.84322 Y-2.41646
X4.84322 Y-2.41746
X4.84422 Y-2.41746
X4.84422 Y-2.41846
X4.84522 Y-2.41846
X4.84522 Y-2.41946
X4.84622 Y-2.41946
X4.84622 Y-2.42046
X4.84722 Y-2.42046
X4.84722 Y-2.42146
X4.84822 Y-2.42146
X4.84822 Y-2.42246
X4.84922 Y-2.42246
X4.84922 Y-2.42346
X4.85022 Y-2.42346
X4.85022 Y-2.48346
X4.85022 Y-2.48346
X4.85022 Y-2.48446
X4.84922 Y-2.48446
X4.84922 Y-2.48546
X4.84822 Y-2.48546
X4.84822 Y-2.48646
X4.84722 Y-2.48646
X4.84722 Y-2.48746
X4.84622 Y-2.48746
X4.84622 Y-2.48846
X4.84522 Y-2.48846
X4.84522 Y-2.48946
X4.84422 Y-2.48946
X4.84422 Y-2.49046
X4.84322 Y-2.49046
X4.84322 Y-2.49146
X4.84222 Y-2.49146
X4.84222 Y-2.49246
X4.84122 Y-2.49246
X4.84122 Y-2.49346
X4.84022 Y-2.49346
X4.84022 Y-2.49446
X4.81722 Y-2.49446
X4.81722 Y-2.49546
X4.81522 Y-2.49546
X4.81522 Y-2.49646
X4.81322 Y-2.49646
X4.81322 Y-2.49746
X4.81222 Y-2.49746
X4.81222 Y-2.49846
X4.81122 Y-2.49846
X4.81122 Y-2.49946
X4.81022 Y-2.49946
X4.81022 Y-2.50046
X4.80922 Y-2.50046
X4.80922 Y-2.50146
X4.80822 Y-2.50146
X4.80822 Y-2.50246
X4.80722 Y-2.50246
X4.80722 Y-2.50346
X4.80622 Y-2.50346
X4.80622 Y-2.50446
X4.80522 Y-2.50446
X4.80522 Y-2.50546
X4.80422 Y-2.50546
X4.80422 Y-2.50646
X4.80322 Y-2.50646
X4.80322 Y-2.50746
X4.80222 Y-2.50746
X4.80222 Y-2.50846
X4.80122 Y-2.50846
X4.80122 Y-2.50946
X4.80022 Y-2.50946
X4.80022 Y-2.51046
X4.79922 Y-2.51046
X4.79922 Y-2.51146
X4.79822 Y-2.51146
X4.79822 Y-2.51246
X4.79722 Y-2.51246
X4.79722 Y-2.51346
X4.79622 Y-2.51346
X4.79622 Y-2.51446
X4.79522 Y-2.51446
X4.79522 Y-2.51546
X4.79422 Y-2.51546
X4.79422 Y-2.51646
X4.79322 Y-2.51646
X4.79322 Y-2.51746
X4.79222 Y-2.51746
X4.79222 Y-2.51846
X4.79122 Y-2.51846
X4.79122 Y-2.51946
X4.79022 Y-2.51946
X4.79022 Y-2.52046
X4.78922 Y-2.52046
X4.78922 Y-2.52146
X4.78822 Y-2.52146
X4.78822 Y-2.52246
X4.78722 Y-2.52246
X4.78722 Y-2.52346
X4.78622 Y-2.52346
X4.78622 Y-2.52446
X4.78522 Y-2.52446
X4.78522 Y-2.52546
X4.78422 Y-2.52546
X4.78422 Y-2.52646
X4.78322 Y-2.52646
X4.78322 Y-2.52746
X4.78222 Y-2.52746
X4.78222 Y-2.52846
X4.78122 Y-2.52846
X4.78122 Y-2.52946
X4.78022 Y-2.52946
X4.78022 Y-2.53046
X4.77922 Y-2.53046
X4.77922 Y-2.53146
X4.77822 Y-2.53146
X4.77822 Y-2.53246
X4.77722 Y-2.53246
X4.77722 Y-2.53346
X4.77622 Y-2.53346
X4.77622 Y-2.53446
X4.77522 Y-2.53446
X4.77522 Y-2.53546
X4.77422 Y-2.53546
X4.77422 Y-2.53646
X4.77322 Y-2.53646
X4.77322 Y-2.53746
X4.77222 Y-2.53746
X4.77222 Y-2.53846
X4.77122 Y-2.53846
X4.77122 Y-2.53946
X4.77022 Y-2.53946
X4.77022 Y-2.54046
X4.76922 Y-2.54046
X4.76922 Y-2.54146
X4.76822 Y-2.54146
X4.76822 Y-2.54246
X4.59822 Y-2.54246
X4.59822 Y-2.54346
X4.59522 Y-2.54346
X4.59522 Y-2.54446
X4.59322 Y-2.54446
X4.59322 Y-2.54546
X4.59222 Y-2.54546
X4.59222 Y-2.54646
X4.59122 Y-2.54646
X4.59122 Y-2.54746
X4.59022 Y-2.54746
X4.59022 Y-2.54846
X4.58922 Y-2.54846
X4.58922 Y-2.54946
X4.58822 Y-2.54946
X4.58822 Y-2.55046
X4.58722 Y-2.55046
X4.58722 Y-2.55146
X4.58622 Y-2.55146
X4.58622 Y-2.55246
X4.58522 Y-2.55246
X4.58522 Y-2.55346
X4.58422 Y-2.55346
X4.58422 Y-2.55446
X4.58322 Y-2.55446
X4.58322 Y-2.55546
X4.58222 Y-2.55546
X4.58222 Y-2.55646
X4.58122 Y-2.55646
X4.58122 Y-2.55746
X4.58022 Y-2.55746
X4.58022 Y-2.55846
X4.57922 Y-2.55846
X4.57922 Y-2.55946
X4.57822 Y-2.55946
X4.57822 Y-2.56046
X4.57722 Y-2.56046
X4.57722 Y-2.56146
X4.57622 Y-2.56146
X4.57622 Y-2.56246
X4.57522 Y-2.56246
X4.57522 Y-2.56346
X4.57422 Y-2.56346
X4.57422 Y-2.56446
X4.57322 Y-2.56446
X4.57322 Y-2.56546
X4.57222 Y-2.56546
X4.57222 Y-2.56646
X4.57122 Y-2.56646
X4.57122 Y-2.56746
X4.57022 Y-2.56746
X4.57022 Y-2.56846
X4.56922 Y-2.56846
X4.56922 Y-2.56946
X4.56822 Y-2.56946
X4.56822 Y-2.57046
X4.56722 Y-2.57046
X4.56722 Y-2.57146
X4.56622 Y-2.57146
X4.56622 Y-2.57246
X4.54422 Y-2.57246
X4.54422 Y-2.57146
X4.54322 Y-2.57146
X4.54322 Y-2.56946
X4.54222 Y-2.56946
X4.54222 Y-2.56746
X4.54122 Y-2.56746
X4.54122 Y-2.56646
X4.54022 Y-2.56646
X4.54022 Y-2.56546
X4.53922 Y-2.56546
X4.53922 Y-2.56446
X4.53822 Y-2.56446
X4.53822 Y-2.56346
X4.53622 Y-2.56346
X4.53622 Y-2.56246
X4.53522 Y-2.56246
X4.53522 Y-2.56146
X4.53422 Y-2.56146
X4.53422 Y-2.56046
X4.53222 Y-2.56046
X4.53222 Y-2.55946
X4.53122 Y-2.55946
X4.53122 Y-2.55846
X4.52822 Y-2.55846
X4.52822 Y-2.55746
X4.52522 Y-2.55746
X4.52522 Y-2.55646
X4.47622 Y-2.55646
X4.47622 Y-2.55746
X4.47322 Y-2.55746
X4.47322 Y-2.55846
X4.47022 Y-2.55846
X4.47022 Y-2.55946
X4.46922 Y-2.55946
X4.46922 Y-2.56046
X4.46722 Y-2.56046
X4.46722 Y-2.56146
X4.46622 Y-2.56146
X4.46622 Y-2.56246
X4.46522 Y-2.56246
X4.46522 Y-2.56346
X4.46322 Y-2.56346
X4.46322 Y-2.56446
X4.46222 Y-2.56446
X4.46222 Y-2.56546
X4.46122 Y-2.56546
X4.46122 Y-2.56646
X4.46022 Y-2.56646
X4.46022 Y-2.56746
X4.45922 Y-2.56746
X4.45922 Y-2.56946
X4.45822 Y-2.56946
X4.45822 Y-2.57146
X4.45722 Y-2.57146
X4.45722 Y-2.57246
X4.45622 Y-2.57246
X4.45622 Y-2.57446
X4.45522 Y-2.57446
X4.45522 Y-2.57746
X4.45422 Y-2.57746
X4.45422 Y-2.58346
X4.45322 Y-2.58346
X4.45322 Y-2.59246
X4.45422 Y-2.59246
X4.45422 Y-2.59846
X4.45522 Y-2.59846
X4.45522 Y-2.60146
X4.45622 Y-2.60146
X4.45622 Y-2.60346
X4.45722 Y-2.60346
X4.45722 Y-2.60446
X4.45822 Y-2.60446
X4.45822 Y-2.60646
X4.45922 Y-2.60646
X4.45922 Y-2.60846
X4.46022 Y-2.60846
X4.46022 Y-2.60946
X4.46122 Y-2.60946
X4.46122 Y-2.61046
X4.46222 Y-2.61046
X4.46222 Y-2.61146
X4.46322 Y-2.61146
X4.46322 Y-2.61246
X4.46522 Y-2.61246
X4.46522 Y-2.61346
X4.46622 Y-2.61346
X4.46622 Y-2.61446
X4.46722 Y-2.61446
X4.46722 Y-2.61546
X4.46922 Y-2.61546
X4.46922 Y-2.61646
X4.47022 Y-2.61646
X4.47022 Y-2.61746
X4.47322 Y-2.61746
X4.47322 Y-2.61846
X4.47622 Y-2.61846
X4.47622 Y-2.61946
X4.52522 Y-2.61946
X4.52522 Y-2.61846
X4.52822 Y-2.61846
X4.52822 Y-2.61746
X4.53122 Y-2.61746
X4.53122 Y-2.61646
X4.53222 Y-2.61646
X4.53222 Y-2.61546
X4.53422 Y-2.61546
X4.53422 Y-2.61446
X4.53522 Y-2.61446
X4.53522 Y-2.61346
X4.53622 Y-2.61346
X4.53622 Y-2.61246
X4.53822 Y-2.61246
X4.53822 Y-2.61146
X4.53922 Y-2.61146
X4.53922 Y-2.61046
X4.54022 Y-2.61046
X4.54022 Y-2.60946
X4.54122 Y-2.60946
X4.54122 Y-2.60846
X4.54222 Y-2.60846
X4.54222 Y-2.60646
X4.54322 Y-2.60646
X4.54322 Y-2.60446
X4.57722 Y-2.60446
X4.57722 Y-2.60346
X4.58022 Y-2.60346
X4.58022 Y-2.60246
X4.58222 Y-2.60246
X4.58222 Y-2.60146
X4.58322 Y-2.60146
X4.58322 Y-2.60046
X4.58422 Y-2.60046
X4.58422 Y-2.59946
X4.58522 Y-2.59946
X4.58522 Y-2.59846
X4.58622 Y-2.59846
X4.58622 Y-2.59746
X4.58722 Y-2.59746
X4.58722 Y-2.59646
X4.58822 Y-2.59646
X4.58822 Y-2.59546
X4.58922 Y-2.59546
X4.58922 Y-2.59446
X4.59022 Y-2.59446
X4.59022 Y-2.59346
X4.59122 Y-2.59346
X4.59122 Y-2.59246
X4.59222 Y-2.59246
X4.59222 Y-2.59146
X4.59322 Y-2.59146
X4.59322 Y-2.59046
X4.59422 Y-2.59046
X4.59422 Y-2.58946
X4.59522 Y-2.58946
X4.59522 Y-2.58846
X4.59622 Y-2.58846
X4.59622 Y-2.58746
X4.59722 Y-2.58746
X4.59722 Y-2.58646
X4.59822 Y-2.58646
X4.59822 Y-2.58546
X4.59922 Y-2.58546
X4.59922 Y-2.58446
X4.60022 Y-2.58446
X4.60022 Y-2.58346
X4.60122 Y-2.58346
X4.60122 Y-2.58246
X4.60222 Y-2.58246
X4.60222 Y-2.58146
X4.60322 Y-2.58146
X4.60322 Y-2.58046
X4.60422 Y-2.58046
X4.60422 Y-2.57946
X4.60522 Y-2.57946
X4.60522 Y-2.57846
X4.60622 Y-2.57846
X4.60622 Y-2.57746
X4.60722 Y-2.57746
X4.60722 Y-2.57646
X4.60822 Y-2.57646
X4.60822 Y-2.57546
X4.60922 Y-2.57546
X4.60922 Y-2.57446
X4.76822 Y-2.57446
X4.76822 Y-2.57346
X4.77122 Y-2.57346
X4.77122 Y-2.57246
X4.77322 Y-2.57246
X4.77322 Y-2.57146
X4.77422 Y-2.57146
X4.77422 Y-2.57046
X4.77522 Y-2.57046
X4.77522 Y-2.56946
X4.77622 Y-2.56946
X4.77622 Y-2.56846
X4.77722 Y-2.56846
X4.77722 Y-2.56746
X4.77822 Y-2.56746
X4.77822 Y-2.56546
X4.77922 Y-2.56546
X4.77922 Y-2.56146
X4.78022 Y-2.56146
X4.78022 Y-2.55546
X4.78022 Y-2.55546
X4.78022 Y-2.55446
X4.78122 Y-2.55446
X4.78122 Y-2.55346
X4.78222 Y-2.55346
X4.78222 Y-2.55246
X4.78322 Y-2.55246
X4.78322 Y-2.55146
X4.78422 Y-2.55146
X4.78422 Y-2.55046
X4.78522 Y-2.55046
X4.78522 Y-2.54946
X4.78622 Y-2.54946
X4.78622 Y-2.54846
X4.78722 Y-2.54846
X4.78722 Y-2.54746
X4.78822 Y-2.54746
X4.78822 Y-2.54646
X4.78922 Y-2.54646
X4.78922 Y-2.54546
X4.79022 Y-2.54546
X4.79022 Y-2.54446
X4.79122 Y-2.54446
X4.79122 Y-2.54346
X4.79222 Y-2.54346
X4.79222 Y-2.54246
X4.79322 Y-2.54246
X4.79322 Y-2.54146
X4.79422 Y-2.54146
X4.79422 Y-2.54046
X4.79522 Y-2.54046
X4.79522 Y-2.53946
X4.79622 Y-2.53946
X4.79622 Y-2.53846
X4.79722 Y-2.53846
X4.79722 Y-2.53746
X4.79822 Y-2.53746
X4.79822 Y-2.53646
X4.79922 Y-2.53646
X4.79922 Y-2.53546
X4.80022 Y-2.53546
X4.80022 Y-2.53446
X4.80122 Y-2.53446
X4.80122 Y-2.53346
X4.80222 Y-2.53346
X4.80222 Y-2.53246
X4.80322 Y-2.53246
X4.80322 Y-2.53146
X4.80422 Y-2.53146
X4.80422 Y-2.53046
X4.80522 Y-2.53046
X4.80522 Y-2.52946
X4.80622 Y-2.52946
X4.80622 Y-2.52846
X4.80722 Y-2.52846
X4.80722 Y-2.52746
X4.80822 Y-2.52746
X4.80822 Y-2.52646
X4.80922 Y-2.52646
X4.80922 Y-2.52546
X4.81022 Y-2.52546
X4.81022 Y-2.52446
X4.81122 Y-2.52446
X4.81122 Y-2.52346
X4.81222 Y-2.52346
X4.81222 Y-2.52246
X4.81322 Y-2.52246
X4.81322 Y-2.52146
X4.81422 Y-2.52146
X4.81422 Y-2.52046
X4.81522 Y-2.52046
X4.81522 Y-2.51946
X4.81622 Y-2.51946
X4.81622 Y-2.51846
X4.81722 Y-2.51846
X4.81722 Y-2.51746
X4.81822 Y-2.51746
X4.81822 Y-2.51646
X4.81922 Y-2.51646
X4.81922 Y-2.51546
X4.82022 Y-2.51546
X4.82022 Y-2.51446
X4.82122 Y-2.51446
X4.82122 Y-2.51346
X4.82222 Y-2.51346
X4.82222 Y-2.51246
X4.82322 Y-2.51246
X4.82322 Y-2.51146
X4.84622 Y-2.51146
X4.84622 Y-2.51046
X4.84822 Y-2.51046
X4.84822 Y-2.50946
X4.85022 Y-2.50946
X4.85022 Y-2.50846
X4.85122 Y-2.50846
X4.85122 Y-2.50746
X4.85222 Y-2.50746
X4.85222 Y-2.50646
X4.85322 Y-2.50646
X4.85322 Y-2.50546
X4.85422 Y-2.50546
X4.85422 Y-2.50446
X4.85522 Y-2.50446
X4.85522 Y-2.50346
X4.85622 Y-2.50346
X4.85622 Y-2.50246
X4.85722 Y-2.50246
X4.85722 Y-2.50146
X4.85822 Y-2.50146
X4.85822 Y-2.50046
X4.85922 Y-2.50046
X4.85922 Y-2.49946
X4.86022 Y-2.49946
X4.86022 Y-2.49846
X4.86122 Y-2.49846
X4.86122 Y-2.49746
X4.86222 Y-2.49746
X4.86222 Y-2.49646
X4.87022 Y-2.49646
X4.87022 Y-2.49546
X4.87322 Y-2.49546
X4.87322 Y-2.49446
X4.87522 Y-2.49446
X4.87522 Y-2.49346
X4.87622 Y-2.49346
X4.87622 Y-2.49246
X4.87722 Y-2.49246
X4.87722 Y-2.49146
X4.87822 Y-2.49146
X4.87822 Y-2.49046
X4.87922 Y-2.49046
X4.87922 Y-2.48946
X4.88022 Y-2.48946
X4.88022 Y-2.48746
X4.88122 Y-2.48746
X4.88122 Y-2.48346
X4.88222 Y-2.48346
X4.88222 Y-2.41446
X4.88122 Y-2.41446
X4.88122 Y-2.41046
X4.88022 Y-2.41046
X4.88022 Y-2.40846
X4.87922 Y-2.40846
X4.87922 Y-2.40746
X4.87822 Y-2.40746
X4.87822 Y-2.40646
X4.87722 Y-2.40646
X4.87722 Y-2.40546
X4.87622 Y-2.40546
X4.87622 Y-2.40346
X4.87522 Y-2.40346
X4.87522 Y-2.40246
X4.87422 Y-2.40246
X4.87422 Y-2.40146
X4.87322 Y-2.40146
X4.87322 Y-2.40046
X4.87222 Y-2.40046
X4.87222 Y-2.39946
X4.87122 Y-2.39946
X4.87122 Y-2.39846
X4.87022 Y-2.39846
X4.87022 Y-2.39746
X4.86922 Y-2.39746
X4.86922 Y-2.39646
X4.86822 Y-2.39646
X4.86822 Y-2.39546
X4.86722 Y-2.39546
X4.86722 Y-2.39446
X4.86622 Y-2.39446
X4.86622 Y-2.39346
X4.86522 Y-2.39346
X4.86522 Y-2.39246
X4.86422 Y-2.39246
X4.86422 Y-2.39146
X4.86322 Y-2.39146
X4.86322 Y-2.39046
X4.86222 Y-2.39046
X4.86222 Y-2.38946
X4.86122 Y-2.38946
X4.86122 Y-2.38846
X4.86022 Y-2.38846
X4.86022 Y-2.38746
X4.85922 Y-2.38746
X4.85922 Y-2.38646
X4.85822 Y-2.38646
X4.85822 Y-2.38546
X4.85722 Y-2.38546
X4.85722 Y-2.38446
X4.85622 Y-2.38446
X4.85622 Y-2.38346
X4.85522 Y-2.38346
X4.85522 Y-2.38246
X4.85422 Y-2.38246
X4.85422 Y-2.38146
X4.85322 Y-2.38146
X4.85322 Y-2.38046
X4.85222 Y-2.38046
X4.85222 Y-2.37946
X4.85022 Y-2.37946
X4.85022 Y-2.37846
X4.84722 Y-2.37846
X4.84722 Y-2.37746
X4.73022 Y-2.37746
X4.73022 Y-2.37646
X4.72922 Y-2.37646
X4.72922 Y-2.37546
X4.72822 Y-2.37546
X4.72822 Y-2.37446
X4.72722 Y-2.37446
X4.72722 Y-2.37346
X4.72622 Y-2.37346
X4.72622 Y-2.37246
X4.72522 Y-2.37246
X4.72522 Y-2.37146
X4.72422 Y-2.37146
X4.72422 Y-2.37046
X4.72322 Y-2.37046
X4.72322 Y-2.36946
X4.72222 Y-2.36946
X4.72222 Y-2.36846
X4.72122 Y-2.36846
X4.72122 Y-2.36746
X4.72022 Y-2.36746
X4.72022 Y-2.05746
X4.72222 Y-2.05746
X4.72222 Y-2.05646
X4.72322 Y-2.05646
X4.72322 Y-2.05546
X4.72422 Y-2.05546
X4.72422 Y-2.05446
X4.72522 Y-2.05446
X4.72522 Y-2.05346
X4.72622 Y-2.05346
X4.72622 Y-2.05246
X4.72722 Y-2.05246
X4.72722 Y-2.05146
X4.72822 Y-2.05146
X4.72822 Y-2.05046
X4.72922 Y-2.05046
X4.72922 Y-2.04946
X4.73022 Y-2.04946
X4.73022 Y-2.04846
X4.73122 Y-2.04846
X4.73122 Y-2.04746
X4.73222 Y-2.04746
X4.73222 Y-2.04646
X4.73322 Y-2.04646
X4.73322 Y-2.04546
X4.73422 Y-2.04546
X4.73422 Y-2.04446
X4.73522 Y-2.04446
X4.73522 Y-2.04346
X4.73622 Y-2.04346
X4.73622 Y-2.04246
X4.73722 Y-2.04246
X4.73722 Y-2.04146
X4.73822 Y-2.04146
X4.73822 Y-2.04046
X4.73922 Y-2.04046
X4.73922 Y-2.03946
X4.74022 Y-2.03946
X4.74022 Y-2.03846
X4.74122 Y-2.03846
X4.74122 Y-2.03746
X4.74222 Y-2.03746
X4.74222 Y-2.03646
X4.74322 Y-2.03646
X4.74322 Y-2.03546
X4.74422 Y-2.03546
X4.74422 Y-2.03446
X4.74522 Y-2.03446
X4.74522 Y-2.03346
X4.74622 Y-2.03346
X4.74622 Y-2.03246
X4.74722 Y-2.03246
X4.74722 Y-2.03146
X4.74822 Y-2.03146
X4.74822 Y-2.03046
X4.74922 Y-2.03046
X4.74922 Y-2.02946
X4.75022 Y-2.02946
X4.75022 Y-2.02846
X4.75122 Y-2.02846
X4.75122 Y-2.02746
X4.75222 Y-2.02746
X4.75222 Y-2.02646
X4.75322 Y-2.02646
X4.75322 Y-2.02546
X4.75422 Y-2.02546
X4.75422 Y-2.02446
X4.75522 Y-2.02446
X4.75522 Y-2.02346
X4.75622 Y-2.02346
X4.75622 Y-2.02246
X4.75722 Y-2.02246
X4.75722 Y-2.02146
X4.75822 Y-2.02146
X4.75822 Y-2.02046
X4.75922 Y-2.02046
X4.75922 Y-2.01946
X4.76022 Y-2.01946
X4.76022 Y-2.01846
X4.76122 Y-2.01846
X4.76122 Y-2.01746
X4.76222 Y-2.01746
X4.76222 Y-2.01646
X4.76322 Y-2.01646
X4.76322 Y-2.01546
X4.76422 Y-2.01546
X4.76422 Y-2.01446
X4.76522 Y-2.01446
X4.76522 Y-2.01346
X4.76622 Y-2.01346
X4.76622 Y-2.01246
X4.76722 Y-2.01246
X4.76722 Y-2.01146
X4.76822 Y-2.01146
X4.76822 Y-2.01046
X4.76922 Y-2.01046
X4.76922 Y-2.00946
X4.77022 Y-2.00946
X4.77022 Y-2.00846
X4.77122 Y-2.00846
X4.77122 Y-2.00746
X4.77222 Y-2.00746
X4.77222 Y-2.00646
X4.77322 Y-2.00646
X4.77322 Y-2.00546
X4.77522 Y-2.00546
X4.77522 Y-2.00646
X5.09222 Y-2.00646
X5.09222 Y-2.00546
X5.09622 Y-2.00546
X5.09622 Y-2.00446
X5.09922 Y-2.00446
X5.09922 Y-2.00346
X5.10122 Y-2.00346
X5.10122 Y-2.00246
X5.10322 Y-2.00246
X5.10322 Y-2.00146
X5.10522 Y-2.00146
X5.10522 Y-2.00046
X5.10622 Y-2.00046
X5.10622 Y-1.99946
X5.10722 Y-1.99946
X5.10722 Y-1.99846
X5.10822 Y-1.99846
X5.10822 Y-1.99746
X5.10922 Y-1.99746
X5.10922 Y-1.99646
X5.11022 Y-1.99646
X5.11022 Y-1.99546
X5.11122 Y-1.99546
X5.11122 Y-1.99446
X5.11222 Y-1.99446
X5.11222 Y-1.99346
X5.11322 Y-1.99346
X5.11322 Y-1.99246
X5.11422 Y-1.99246
X5.11422 Y-1.99146
X5.11522 Y-1.99146
X5.11522 Y-1.99046
X5.11622 Y-1.99046
X5.11622 Y-1.98946
X5.11722 Y-1.98946
X5.11722 Y-1.98846
X5.11822 Y-1.98846
X5.11822 Y-1.98746
X5.11922 Y-1.98746
X5.11922 Y-1.98646
X5.12022 Y-1.98646
X5.12022 Y-1.98546
X5.12122 Y-1.98546
X5.12122 Y-1.98446
X5.12222 Y-1.98446
X5.12222 Y-1.98346
X5.12322 Y-1.98346
X5.12322 Y-1.98246
X5.12422 Y-1.98246
X5.12422 Y-1.98146
X5.12522 Y-1.98146
X5.12522 Y-1.98046
X5.12622 Y-1.98046
X5.12622 Y-1.97946
X5.12722 Y-1.97946
X5.12722 Y-1.97846
X5.12822 Y-1.97846
X5.12822 Y-1.97746
X5.12922 Y-1.97746
X5.12922 Y-1.97646
X5.13022 Y-1.97646
X5.13022 Y-1.97546
X5.13122 Y-1.97546
X5.13122 Y-1.97446
X5.13222 Y-1.97446
X5.13222 Y-1.97346
X5.13322 Y-1.97346
X5.13322 Y-1.97246
X5.13422 Y-1.97246
X5.13422 Y-1.97146
X5.13522 Y-1.97146
X5.13522 Y-1.97046
X5.13622 Y-1.97046
X5.13622 Y-1.96946
X5.13722 Y-1.96946
X5.13722 Y-1.96846
X5.13822 Y-1.96846
X5.13822 Y-1.96746
X5.13922 Y-1.96746
X5.13922 Y-1.96646
X5.14022 Y-1.96646
X5.14022 Y-1.96546
X5.14122 Y-1.96546
X5.14122 Y-1.96446
X5.14222 Y-1.96446
X5.14222 Y-1.96346
X5.14322 Y-1.96346
X5.14322 Y-1.96246
X5.14422 Y-1.96246
X5.14422 Y-1.96146
X5.14522 Y-1.96146
X5.14522 Y-1.96046
X5.14622 Y-1.96046
X5.14622 Y-1.95946
X5.14722 Y-1.95946
X5.14722 Y-1.95846
X5.14822 Y-1.95846
X5.14822 Y-1.95746
X5.14922 Y-1.95746
X5.14922 Y-1.95646
X5.15022 Y-1.95646
X5.15022 Y-1.95546
X5.15122 Y-1.95546
X5.15122 Y-1.95446
X5.15222 Y-1.95446
X5.15222 Y-1.95346
X5.15322 Y-1.95346
X5.15322 Y-1.95246
X5.15422 Y-1.95246
X5.15422 Y-1.95146
X5.15522 Y-1.95146
X5.15522 Y-1.95046
X5.15622 Y-1.95046
X5.15622 Y-1.94946
X5.15722 Y-1.94946
X5.15722 Y-1.94846
X5.15822 Y-1.94846
X5.15822 Y-1.94746
X5.15922 Y-1.94746
X5.15922 Y-1.94646
X5.16022 Y-1.94646
X5.16022 Y-1.94546
X5.16122 Y-1.94546
X5.16122 Y-1.94446
X5.16222 Y-1.94446
X5.16222 Y-1.94346
X5.16322 Y-1.94346
X5.16322 Y-1.94246
X5.16422 Y-1.94246
X5.16422 Y-1.94146
X5.16522 Y-1.94146
X5.16522 Y-1.94046
X5.16622 Y-1.94046
X5.16622 Y-1.93946
X5.16722 Y-1.93946
X5.16722 Y-1.93846
X5.16822 Y-1.93846
X5.16822 Y-1.93746
X5.16922 Y-1.93746
X5.16922 Y-1.93646
X5.17022 Y-1.93646
X5.17022 Y-1.93546
X5.17122 Y-1.93546
X5.17122 Y-1.93446
X5.17222 Y-1.93446
X5.17222 Y-1.93346
X5.17322 Y-1.93346
X5.17322 Y-1.93246
X5.17422 Y-1.93246
X5.17422 Y-1.93146
X5.17522 Y-1.93146
X5.17522 Y-1.93046
X5.17622 Y-1.93046
X5.17622 Y-1.92946
X5.17722 Y-1.92946
X5.17722 Y-1.92846
X5.17822 Y-1.92846
X5.17822 Y-1.92746
X5.17922 Y-1.92746
X5.17922 Y-1.92646
X5.18022 Y-1.92646
X5.18022 Y-1.92546
X5.18122 Y-1.92546
X5.18122 Y-1.92446
X5.18222 Y-1.92446
X5.18222 Y-1.92246
X5.18322 Y-1.92246
X5.18322 Y-1.92146
X5.18422 Y-1.92146
X5.18422 Y-1.91946
X5.18522 Y-1.91946
X5.18522 Y-1.91746
X5.18622 Y-1.91746
X5.18622 Y-1.91446
X5.18722 Y-1.91446
X5.18722 Y-1.91046
X5.18822 Y-1.91046
X5.18822 Y-1.83046
X5.20222 Y-1.83046
X5.20222 Y-1.82946
X5.20522 Y-1.82946
X5.20522 Y-1.82846
X5.20722 Y-1.82846
X5.20722 Y-1.82746
X5.20822 Y-1.82746
X5.20822 Y-1.82646
X5.20922 Y-1.82646
X5.20922 Y-1.82446
X5.21022 Y-1.82446
X5.21022 Y-1.73346
X5.20922 Y-1.73346
X5.20922 Y-1.73146
X5.20822 Y-1.73146
X5.20822 Y-1.73046
X5.20722 Y-1.73046
X5.20722 Y-1.72946
X5.20522 Y-1.72946
X5.20522 Y-1.72846
X5.20222 Y-1.72846
X5.20222 Y-1.72746
X5.11522 Y-1.72746
X5.11522 Y-1.72846
G04 P0 ( dwell for no time -- G64 should not smooth over this point )
G00 Z0.19685 ( retract )

G00 X5.33722 Y-2.12746 ( rapid move to begin. )
G01 Z-0.00394 F3.93701 ( plunge. )
G04 P0 ( dwell for no time -- G64 should not smooth over this point )
X5.33722 Y-2.12746
X5.33122 Y-2.12746
X5.33122 Y-2.12846
X5.32522 Y-2.12846
X5.32522 Y-2.12946
X5.32322 Y-2.12946
X5.32322 Y-2.13046
X5.32122 Y-2.13046
X5.32122 Y-2.13146
X5.32022 Y-2.13146
X5.32022 Y-2.13246
X5.31822 Y-2.13246
X5.31822 Y-2.13346
X5.31622 Y-2.13346
X5.31622 Y-2.13446
X5.31422 Y-2.13446
X5.31422 Y-2.13546
X5.31322 Y-2.13546
X5.31322 Y-2.13646
X5.31122 Y-2.13646
X5.31122 Y-2.13846
X5.31022 Y-2.13846
X5.31022 Y-2.13946
X5.30922 Y-2.13946
X5.30922 Y-2.14046
X5.30822 Y-2.14046
X5.30822 Y-2.14146
X5.30722 Y-2.14146
X5.30722 Y-2.14246
X5.30622 Y-2.14246
X5.30622 Y-2.14446
X5.30522 Y-2.14446
X5.30522 Y-2.14646
X5.30422 Y-2.14646
X5.30422 Y-2.14746
X5.30322 Y-2.14746
X5.30322 Y-2.15046
X5.30222 Y-2.15046
X5.30222 Y-2.15346
X5.30122 Y-2.15346
X5.30122 Y-2.15646
X5.30022 Y-2.15646
X5.30022 Y-2.23546
X5.30122 Y-2.23546
X5.30122 Y-2.23846
X5.30222 Y-2.23846
X5.30222 Y-2.24146
X5.30322 Y-2.24146
X5.30322 Y-2.24446
X5.30422 Y-2.24446
X5.30422 Y-2.24546
X5.30522 Y-2.24546
X5.30522 Y-2.24746
X5.30622 Y-2.24746
X5.30622 Y-2.24946
X5.30722 Y-2.24946
X5.30722 Y-2.25046
X5.30822 Y-2.25046
X5.30822 Y-2.25146
X5.30922 Y-2.25146
X5.30922 Y-2.25246
X5.31022 Y-2.25246
X5.31022 Y-2.25346
X5.31122 Y-2.25346
X5.31122 Y-2.25546
X5.31322 Y-2.25546
X5.31322 Y-2.25646
X5.31422 Y-2.25646
X5.31422 Y-2.25746
X5.31622 Y-2.25746
X5.31622 Y-2.25846
X5.31822 Y-2.25846
X5.31822 Y-2.25946
X5.32022 Y-2.25946
X5.32022 Y-2.26046
X5.32122 Y-2.26046
X5.32122 Y-2.26146
X5.32322 Y-2.26146
X5.32322 Y-2.26246
X5.32522 Y-2.26246
X5.32522 Y-2.26346
X5.33122 Y-2.26346
X5.33122 Y-2.26446
X5.33722 Y-2.26446
X5.33722 Y-2.26546
X5.34222 Y-2.26546
X5.34222 Y-2.26446
X5.34822 Y-2.26446
X5.34822 Y-2.26346
X5.35422 Y-2.26346
X5.35422 Y-2.26246
X5.35622 Y-2.26246
X5.35622 Y-2.26146
X5.35822 Y-2.26146
X5.35822 Y-2.26046
X5.35922 Y-2.26046
X5.35922 Y-2.25946
X5.36122 Y-2.25946
X5.36122 Y-2.25846
X5.36322 Y-2.25846
X5.36322 Y-2.25746
X5.36522 Y-2.25746
X5.36522 Y-2.25646
X5.36622 Y-2.25646
X5.36622 Y-2.25546
X5.36822 Y-2.25546
X5.36822 Y-2.25346
X5.36922 Y-2.25346
X5.36922 Y-2.25246
X5.37022 Y-2.25246
X5.37022 Y-2.25146
X5.37122 Y-2.25146
X5.37122 Y-2.25046
X5.37222 Y-2.25046
X5.37222 Y-2.24946
X5.37322 Y-2.24946
X5.37322 Y-2.24746
X5.37422 Y-2.24746
X5.37422 Y-2.24546
X5.37522 Y-2.24546
X5.37522 Y-2.24446
X5.37622 Y-2.24446
X5.37622 Y-2.24146
X5.37722 Y-2.24146
X5.37722 Y-2.23846
X5.37822 Y-2.23846
X5.37822 Y-2.23546
X5.37922 Y-2.23546
X5.37922 Y-2.21246
X5.44922 Y-2.21246
X5.44922 Y-2.24846
X5.45022 Y-2.24846
X5.45022 Y-2.25046
X5.45122 Y-2.25046
X5.45122 Y-2.25246
X5.45222 Y-2.25246
X5.45222 Y-2.25346
X5.45522 Y-2.25346
X5.45522 Y-2.25446
X5.54422 Y-2.25446
X5.54422 Y-2.25346
X5.54722 Y-2.25346
X5.54722 Y-2.25246
X5.54822 Y-2.25246
X5.54822 Y-2.25046
X5.54922 Y-2.25046
X5.54922 Y-2.24846
X5.55022 Y-2.24846
X5.55022 Y-2.20946
X5.54922 Y-2.20946
X5.54922 Y-2.20746
X5.54822 Y-2.20746
X5.54822 Y-2.20546
X5.54722 Y-2.20546
X5.54722 Y-2.20446
X5.54422 Y-2.20446
X5.54422 Y-2.20346
X5.49322 Y-2.20346
X5.49322 Y-2.20246
X5.49222 Y-2.20246
X5.49222 Y-2.20146
X5.49122 Y-2.20146
X5.49122 Y-2.20046
X5.49022 Y-2.20046
X5.49022 Y-2.19946
X5.48922 Y-2.19946
X5.48922 Y-2.19846
X5.48822 Y-2.19846
X5.48822 Y-2.19746
X5.48722 Y-2.19746
X5.48722 Y-2.19646
X5.48622 Y-2.19646
X5.48622 Y-2.19546
X5.48522 Y-2.19546
X5.48522 Y-2.19446
X5.48422 Y-2.19446
X5.48422 Y-2.19346
X5.48322 Y-2.19346
X5.48322 Y-2.19246
X5.48222 Y-2.19246
X5.48222 Y-2.19146
X5.48122 Y-2.19146
X5.48122 Y-2.19046
X5.48022 Y-2.19046
X5.48022 Y-2.18946
X5.47922 Y-2.18946
X5.47922 Y-2.18846
X5.47822 Y-2.18846
X5.47822 Y-2.18746
X5.47722 Y-2.18746
X5.47722 Y-2.18646
X5.47622 Y-2.18646
X5.47622 Y-2.18546
X5.47522 Y-2.18546
X5.47522 Y-2.18446
X5.47422 Y-2.18446
X5.47422 Y-2.18346
X5.47322 Y-2.18346
X5.47322 Y-2.18246
X5.47122 Y-2.18246
X5.47122 Y-2.18146
X5.46822 Y-2.18146
X5.46822 Y-2.18046
X5.37922 Y-2.18046
X5.37922 Y-2.15646
X5.37822 Y-2.15646
X5.37822 Y-2.15346
X5.37722 Y-2.15346
X5.37722 Y-2.15046
X5.37622 Y-2.15046
X5.37622 Y-2.14746
X5.37522 Y-2.14746
X5.37522 Y-2.14646
X5.37422 Y-2.14646
X5.37422 Y-2.14446
X5.37322 Y-2.14446
X5.37322 Y-2.14246
X5.37222 Y-2.14246
X5.37222 Y-2.14146
X5.37122 Y-2.14146
X5.37122 Y-2.14046
X5.37022 Y-2.14046
X5.37022 Y-2.13946
X5.36922 Y-2.13946
X5.36922 Y-2.13846
X5.36822 Y-2.13846
X5.36822 Y-2.13646
X5.36622 Y-2.13646
X5.36622 Y-2.13546
X5.36522 Y-2.13546
X5.36522 Y-2.13446
X5.36322 Y-2.13446
X5.36322 Y-2.13346
X5.36122 Y-2.13346
X5.36122 Y-2.13246
X5.35922 Y-2.13246
X5.35922 Y-2.13146
X5.35822 Y-2.13146
X5.35822 Y-2.13046
X5.35622 Y-2.13046
X5.35622 Y-2.12946
X5.35422 Y-2.12946
X5.35422 Y-2.12846
X5.34822 Y-2.12846
X5.34822 Y-2.12746
X5.34222 Y-2.12746
X5.34222 Y-2.12646
X5.33722 Y-2.12646
X5.33722 Y-2.12746
G04 P0 ( dwell for no time -- G64 should not smooth over this point )
G00 Z0.19685 ( retract )

G00 X5.83222 Y-2.20346 ( rapid move to begin. )
G01 Z-0.00394 F3.93701 ( plunge. )
G04 P0 ( dwell for no time -- G64 should not smooth over this point )
X5.83222 Y-2.20346
X5.82922 Y-2.20346
X5.82922 Y-2.20446
X5.82822 Y-2.20446
X5.82822 Y-2.20646
X5.82722 Y-2.20646
X5.82722 Y-2.20846
X5.82622 Y-2.20846
X5.82622 Y-2.24746
X5.82722 Y-2.24746
X5.82722 Y-2.24946
X5.82822 Y-2.24946
X5.82822 Y-2.25146
X5.82922 Y-2.25146
X5.82922 Y-2.25246
X5.83222 Y-2.25246
X5.83222 Y-2.25346
X5.92122 Y-2.25346
X5.92122 Y-2.25246
X5.92422 Y-2.25246
X5.92422 Y-2.25146
X5.92522 Y-2.25146
X5.92522 Y-2.24946
X5.92622 Y-2.24946
X5.92622 Y-2.24746
X5.92722 Y-2.24746
X5.92722 Y-2.24446
X5.95022 Y-2.24446
X5.95022 Y-2.24546
X5.95122 Y-2.24546
X5.95122 Y-2.24646
X5.95222 Y-2.24646
X5.95222 Y-2.24746
X5.95322 Y-2.24746
X5.95322 Y-2.24846
X5.95422 Y-2.24846
X5.95422 Y-2.24946
X5.95522 Y-2.24946
X5.95522 Y-2.25046
X5.95622 Y-2.25046
X5.95622 Y-2.25146
X5.95722 Y-2.25146
X5.95722 Y-2.25246
X5.95822 Y-2.25246
X5.95822 Y-2.25346
X5.95922 Y-2.25346
X5.95922 Y-2.25446
X5.96022 Y-2.25446
X5.96022 Y-2.25546
X5.96122 Y-2.25546
X5.96122 Y-2.25646
X5.96222 Y-2.25646
X5.96222 Y-2.25746
X5.96322 Y-2.25746
X5.96322 Y-2.25846
X5.96422 Y-2.25846
X5.96422 Y-2.25946
X5.96522 Y-2.25946
X5.96522 Y-2.26046
X5.96622 Y-2.26046
X5.96622 Y-2.26146
X5.96722 Y-2.26146
X5.96722 Y-2.26246
X5.96822 Y-2.26246
X5.96822 Y-2.26346
X5.96922 Y-2.26346
X5.96922 Y-2.26446
X5.97022 Y-2.26446
X5.97022 Y-2.26546
X5.97122 Y-2.26546
X5.97122 Y-2.26646
X5.97222 Y-2.26646
X5.97222 Y-2.26746
X5.97322 Y-2.26746
X5.97322 Y-2.26846
X5.97422 Y-2.26846
X5.97422 Y-2.26946
X5.97522 Y-2.26946
X5.97522 Y-2.27046
X5.97622 Y-2.27046
X5.97622 Y-2.27146
X5.97722 Y-2.27146
X5.97722 Y-2.27246
X5.97822 Y-2.27246
X5.97822 Y-2.27346
X5.97922 Y-2.27346
X5.97922 Y-2.27446
X5.98022 Y-2.27446
X5.98022 Y-2.27546
X5.98122 Y-2.27546
X5.98122 Y-2.27646
X5.98222 Y-2.27646
X5.98222 Y-2.27746
X5.98322 Y-2.27746
X5.98322 Y-2.27846
X5.98422 Y-2.27846
X5.98422 Y-2.27946
X5.98522 Y-2.27946
X5.98522 Y-2.28046
X5.98622 Y-2.28046
X5.98622 Y-2.28146
X5.98722 Y-2.28146
X5.98722 Y-2.28246
X5.98822 Y-2.28246
X5.98822 Y-2.28346
X5.98922 Y-2.28346
X5.98922 Y-2.28446
X5.99022 Y-2.28446
X5.99022 Y-2.28546
X5.99122 Y-2.28546
X5.99122 Y-2.28646
X5.99222 Y-2.28646
X5.99222 Y-2.28746
X5.99322 Y-2.28746
X5.99322 Y-2.28846
X5.99422 Y-2.28846
X5.99422 Y-2.28946
X5.99522 Y-2.28946
X5.99522 Y-2.29046
X5.99622 Y-2.29046
X5.99622 Y-2.29146
X5.99722 Y-2.29146
X5.99722 Y-2.29246
X5.99822 Y-2.29246
X5.99822 Y-2.29346
X5.99922 Y-2.29346
X5.99922 Y-2.29446
X6.00022 Y-2.29446
X6.00022 Y-2.29546
X6.00122 Y-2.29546
X6.00122 Y-2.29646
X6.00222 Y-2.29646
X6.00222 Y-2.29746
X6.00322 Y-2.29746
X6.00322 Y-2.48246
X6.00222 Y-2.48246
X6.00222 Y-2.48346
X6.00122 Y-2.48346
X6.00122 Y-2.48446
X6.00022 Y-2.48446
X6.00022 Y-2.48546
X5.99922 Y-2.48546
X5.99922 Y-2.48646
X5.99822 Y-2.48646
X5.99822 Y-2.48746
X5.99722 Y-2.48746
X5.99722 Y-2.48846
X5.99622 Y-2.48846
X5.99622 Y-2.48946
X5.99522 Y-2.48946
X5.99522 Y-2.49046
X5.99422 Y-2.49046
X5.99422 Y-2.49146
X5.99322 Y-2.49146
X5.99322 Y-2.49246
X5.99222 Y-2.49246
X5.99222 Y-2.49346
X5.99122 Y-2.49346
X5.99122 Y-2.49446
X5.99022 Y-2.49446
X5.99022 Y-2.49546
X5.98922 Y-2.49546
X5.98922 Y-2.49646
X5.98822 Y-2.49646
X5.98822 Y-2.49746
X5.98722 Y-2.49746
X5.98722 Y-2.49846
X5.98622 Y-2.49846
X5.98622 Y-2.49946
X5.98522 Y-2.49946
X5.98522 Y-2.50046
X5.98422 Y-2.50046
X5.98422 Y-2.50146
X5.98322 Y-2.50146
X5.98322 Y-2.50246
X5.98222 Y-2.50246
X5.98222 Y-2.50346
X5.98122 Y-2.50346
X5.98122 Y-2.50446
X5.98022 Y-2.50446
X5.98022 Y-2.50546
X5.97922 Y-2.50546
X5.97922 Y-2.50646
X5.97822 Y-2.50646
X5.97822 Y-2.50746
X5.97722 Y-2.50746
X5.97722 Y-2.50846
X5.97622 Y-2.50846
X5.97622 Y-2.50946
X5.97522 Y-2.50946
X5.97522 Y-2.51046
X5.97422 Y-2.51046
X5.97422 Y-2.51146
X5.97322 Y-2.51146
X5.97322 Y-2.51246
X5.97222 Y-2.51246
X5.97222 Y-2.51346
X5.97122 Y-2.51346
X5.97122 Y-2.51446
X5.97022 Y-2.51446
X5.97022 Y-2.51546
X5.96922 Y-2.51546
X5.96922 Y-2.51646
X5.96822 Y-2.51646
X5.96822 Y-2.51746
X5.96722 Y-2.51746
X5.96722 Y-2.51846
X5.96622 Y-2.51846
X5.96622 Y-2.51946
X5.96522 Y-2.51946
X5.96522 Y-2.52046
X5.96422 Y-2.52046
X5.96422 Y-2.52146
X5.96322 Y-2.52146
X5.96322 Y-2.52246
X5.96222 Y-2.52246
X5.96222 Y-2.52346
X5.96122 Y-2.52346
X5.96122 Y-2.52446
X5.96022 Y-2.52446
X5.96022 Y-2.52546
X5.95922 Y-2.52546
X5.95922 Y-2.52646
X5.95822 Y-2.52646
X5.95822 Y-2.52746
X5.95722 Y-2.52746
X5.95722 Y-2.52846
X5.95622 Y-2.52846
X5.95622 Y-2.52946
X5.95522 Y-2.52946
X5.95522 Y-2.53046
X5.95422 Y-2.53046
X5.95422 Y-2.53146
X5.95322 Y-2.53146
X5.95322 Y-2.53246
X5.95222 Y-2.53246
X5.95222 Y-2.53346
X5.95122 Y-2.53346
X5.95122 Y-2.53446
X5.95022 Y-2.53446
X5.95022 Y-2.53546
X5.94922 Y-2.53546
X5.94922 Y-2.53646
X5.94822 Y-2.53646
X5.94822 Y-2.53746
X5.94722 Y-2.53746
X5.94722 Y-2.53846
X5.94622 Y-2.53846
X5.94622 Y-2.53946
X5.94522 Y-2.53946
X5.94522 Y-2.54046
X5.94422 Y-2.54046
X5.94422 Y-2.54146
X5.94322 Y-2.54146
X5.94322 Y-2.54246
X5.94222 Y-2.54246
X5.94222 Y-2.54346
X5.94122 Y-2.54346
X5.94122 Y-2.54446
X5.94022 Y-2.54446
X5.94022 Y-2.54546
X5.93922 Y-2.54546
X5.93922 Y-2.54646
X5.93822 Y-2.54646
X5.93822 Y-2.54746
X5.93722 Y-2.54746
X5.93722 Y-2.54846
X5.93622 Y-2.54846
X5.93622 Y-2.54746
X5.93522 Y-2.54746
X5.93522 Y-2.54646
X5.93422 Y-2.54646
X5.93422 Y-2.54546
X5.93222 Y-2.54546
X5.93222 Y-2.54446
X5.93122 Y-2.54446
X5.93122 Y-2.54346
X5.93022 Y-2.54346
X5.93022 Y-2.54246
X5.92822 Y-2.54246
X5.92822 Y-2.54146
X5.92722 Y-2.54146
X5.92722 Y-2.54046
X5.92422 Y-2.54046
X5.92422 Y-2.53946
X5.92122 Y-2.53946
X5.92122 Y-2.53846
X5.87222 Y-2.53846
X5.87222 Y-2.53946
X5.86922 Y-2.53946
X5.86922 Y-2.54046
X5.86622 Y-2.54046
X5.86622 Y-2.54146
X5.86522 Y-2.54146
X5.86522 Y-2.54246
X5.86322 Y-2.54246
X5.86322 Y-2.54346
X5.86222 Y-2.54346
X5.86222 Y-2.54446
X5.86122 Y-2.54446
X5.86122 Y-2.54546
X5.85922 Y-2.54546
X5.85922 Y-2.54646
X5.85822 Y-2.54646
X5.85822 Y-2.54746
X5.85722 Y-2.54746
X5.85722 Y-2.54846
X5.85622 Y-2.54846
X5.85622 Y-2.54946
X5.85522 Y-2.54946
X5.85522 Y-2.55146
X5.85422 Y-2.55146
X5.85422 Y-2.55346
X5.85322 Y-2.55346
X5.85322 Y-2.55446
X5.85222 Y-2.55446
X5.85222 Y-2.55646
X5.85122 Y-2.55646
X5.85122 Y-2.55946
X5.85022 Y-2.55946
X5.85022 Y-2.56546
X5.84922 Y-2.56546
X5.84922 Y-2.57446
X5.85022 Y-2.57446
X5.85022 Y-2.58046
X5.85122 Y-2.58046
X5.85122 Y-2.58346
X5.85222 Y-2.58346
X5.85222 Y-2.58546
X5.85322 Y-2.58546
X5.85322 Y-2.58646
X5.85422 Y-2.58646
X5.85422 Y-2.58846
X5.85522 Y-2.58846
X5.85522 Y-2.59046
X5.85622 Y-2.59046
X5.85622 Y-2.59146
X5.85722 Y-2.59146
X5.85722 Y-2.59246
X5.85822 Y-2.59246
X5.85822 Y-2.59346
X5.85922 Y-2.59346
X5.85922 Y-2.59446
X5.86122 Y-2.59446
X5.86122 Y-2.59546
X5.86222 Y-2.59546
X5.86222 Y-2.59646
X5.86322 Y-2.59646
X5.86322 Y-2.59746
X5.86522 Y-2.59746
X5.86522 Y-2.59846
X5.86622 Y-2.59846
X5.86622 Y-2.59946
X5.86922 Y-2.59946
X5.86922 Y-2.60046
X5.87222 Y-2.60046
X5.87222 Y-2.60146
X5.92122 Y-2.60146
X5.92122 Y-2.60046
X5.92422 Y-2.60046
X5.92422 Y-2.59946
X5.92722 Y-2.59946
X5.92722 Y-2.59846
X5.92822 Y-2.59846
X5.92822 Y-2.59746
X5.93022 Y-2.59746
X5.93022 Y-2.59646
X5.93122 Y-2.59646
X5.93122 Y-2.59546
X5.93222 Y-2.59546
X5.93222 Y-2.59446
X5.93422 Y-2.59446
X5.93422 Y-2.59346
X5.93522 Y-2.59346
X5.93522 Y-2.59246
X5.93622 Y-2.59246
X5.93622 Y-2.59146
X5.93722 Y-2.59146
X5.93722 Y-2.59046
X5.93822 Y-2.59046
X5.93822 Y-2.58846
X5.93922 Y-2.58846
X5.93922 Y-2.58646
X5.94122 Y-2.58646
X5.94122 Y-2.58546
X5.94422 Y-2.58546
X5.94422 Y-2.58446
X5.94622 Y-2.58446
X5.94622 Y-2.58346
X5.94722 Y-2.58346
X5.94722 Y-2.58246
X5.94822 Y-2.58246
X5.94822 Y-2.58146
X5.94922 Y-2.58146
X5.94922 Y-2.58046
X5.95022 Y-2.58046
X5.95022 Y-2.57946
X5.95122 Y-2.57946
X5.95122 Y-2.57846
X5.95222 Y-2.57846
X5.95222 Y-2.57746
X5.95322 Y-2.57746
X5.95322 Y-2.57646
X5.95422 Y-2.57646
X5.95422 Y-2.57546
X5.95522 Y-2.57546
X5.95522 Y-2.57446
X5.95622 Y-2.57446
X5.95622 Y-2.57346
X5.95722 Y-2.57346
X5.95722 Y-2.57246
X5.95822 Y-2.57246
X5.95822 Y-2.57146
X5.95922 Y-2.57146
X5.95922 Y-2.57046
X5.96022 Y-2.57046
X5.96022 Y-2.56946
X5.96122 Y-2.56946
X5.96122 Y-2.56846
X5.96222 Y-2.56846
X5.96222 Y-2.56746
X5.96322 Y-2.56746
X5.96322 Y-2.56646
X5.96422 Y-2.56646
X5.96422 Y-2.56546
X5.96522 Y-2.56546
X5.96522 Y-2.56446
X5.96622 Y-2.56446
X5.96622 Y-2.56346
X5.96722 Y-2.56346
X5.96722 Y-2.56246
X5.96822 Y-2.56246
X5.96822 Y-2.56146
X5.96922 Y-2.56146
X5.96922 Y-2.56046
X5.97022 Y-2.56046
X5.97022 Y-2.55946
X5.97122 Y-2.55946
X5.97122 Y-2.55846
X5.97222 Y-2.55846
X5.97222 Y-2.55746
X5.97322 Y-2.55746
X5.97322 Y-2.55646
X5.97422 Y-2.55646
X5.97422 Y-2.55546
X5.97522 Y-2.55546
X5.97522 Y-2.55446
X5.97622 Y-2.55446
X5.97622 Y-2.55346
X5.97722 Y-2.55346
X5.97722 Y-2.55246
X5.97822 Y-2.55246
X5.97822 Y-2.55146
X5.97922 Y-2.55146
X5.97922 Y-2.55046
X5.98022 Y-2.55046
X5.98022 Y-2.54946
X5.98122 Y-2.54946
X5.98122 Y-2.54846
X5.98222 Y-2.54846
X5.98222 Y-2.54746
X5.98322 Y-2.54746
X5.98322 Y-2.54646
X5.98422 Y-2.54646
X5.98422 Y-2.54546
X5.98522 Y-2.54546
X5.98522 Y-2.54446
X5.98622 Y-2.54446
X5.98622 Y-2.54346
X5.98722 Y-2.54346
X5.98722 Y-2.54246
X5.98822 Y-2.54246
X5.98822 Y-2.54146
X5.98922 Y-2.54146
X5.98922 Y-2.54046
X5.99022 Y-2.54046
X5.99022 Y-2.53946
X5.99122 Y-2.53946
X5.99122 Y-2.53846
X5.99222 Y-2.53846
X5.99222 Y-2.53746
X5.99322 Y-2.53746
X5.99322 Y-2.53646
X5.99422 Y-2.53646
X5.99422 Y-2.53546
X5.99522 Y-2.53546
X5.99522 Y-2.53446
X5.99622 Y-2.53446
X5.99622 Y-2.53346
X5.99722 Y-2.53346
X5.99722 Y-2.53246
X5.99822 Y-2.53246
X5.99822 Y-2.53146
X5.99922 Y-2.53146
X5.99922 Y-2.53046
X6.00022 Y-2.53046
X6.00022 Y-2.52946
X6.00122 Y-2.52946
X6.00122 Y-2.52846
X6.00222 Y-2.52846
X6.00222 Y-2.52746
X6.00322 Y-2.52746
X6.00322 Y-2.52646
X6.00422 Y-2.52646
X6.00422 Y-2.52546
X6.00522 Y-2.52546
X6.00522 Y-2.52446
X6.00622 Y-2.52446
X6.00622 Y-2.52346
X6.00722 Y-2.52346
X6.00722 Y-2.52246
X6.00822 Y-2.52246
X6.00822 Y-2.52146
X6.00922 Y-2.52146
X6.00922 Y-2.52046
X6.01022 Y-2.52046
X6.01022 Y-2.51946
X6.01122 Y-2.51946
X6.01122 Y-2.51846
X6.01222 Y-2.51846
X6.01222 Y-2.51746
X6.01322 Y-2.51746
X6.01322 Y-2.51646
X6.01422 Y-2.51646
X6.01422 Y-2.51546
X6.01522 Y-2.51546
X6.01522 Y-2.51446
X6.01622 Y-2.51446
X6.01622 Y-2.51346
X6.01722 Y-2.51346
X6.01722 Y-2.51246
X6.01822 Y-2.51246
X6.01822 Y-2.51146
X6.01922 Y-2.51146
X6.01922 Y-2.51046
X6.02022 Y-2.51046
X6.02022 Y-2.50946
X6.02122 Y-2.50946
X6.02122 Y-2.50846
X6.02222 Y-2.50846
X6.02222 Y-2.50746
X6.02322 Y-2.50746
X6.02322 Y-2.50646
X6.02422 Y-2.50646
X6.02422 Y-2.50546
X6.02522 Y-2.50546
X6.02522 Y-2.50446
X6.02622 Y-2.50446
X6.02622 Y-2.50346
X6.02722 Y-2.50346
X6.02722 Y-2.50246
X6.02822 Y-2.50246
X6.02822 Y-2.50146
X6.02922 Y-2.50146
X6.02922 Y-2.50046
X6.03022 Y-2.50046
X6.03022 Y-2.49946
X6.03122 Y-2.49946
X6.03122 Y-2.49846
X6.03222 Y-2.49846
X6.03222 Y-2.49746
X6.03322 Y-2.49746
X6.03322 Y-2.49546
X6.03422 Y-2.49546
X6.03422 Y-2.49146
X6.03522 Y-2.49146
X6.03522 Y-2.28846
X6.03422 Y-2.28846
X6.03422 Y-2.28446
X6.03322 Y-2.28446
X6.03322 Y-2.28246
X6.03222 Y-2.28246
X6.03222 Y-2.28146
X6.03122 Y-2.28146
X6.03122 Y-2.28046
X6.03022 Y-2.28046
X6.03022 Y-2.27946
X6.02922 Y-2.27946
X6.02922 Y-2.27846
X6.02822 Y-2.27846
X6.02822 Y-2.27746
X6.02722 Y-2.27746
X6.02722 Y-2.27646
X6.02622 Y-2.27646
X6.02622 Y-2.27546
X6.02522 Y-2.27546
X6.02522 Y-2.27446
X6.02422 Y-2.27446
X6.02422 Y-2.27346
X6.02322 Y-2.27346
X6.02322 Y-2.27246
X6.02222 Y-2.27246
X6.02222 Y-2.27146
X6.02122 Y-2.27146
X6.02122 Y-2.27046
X6.02022 Y-2.27046
X6.02022 Y-2.26946
X6.01922 Y-2.26946
X6.01922 Y-2.26846
X6.01822 Y-2.26846
X6.01822 Y-2.26746
X6.01722 Y-2.26746
X6.01722 Y-2.26646
X6.01622 Y-2.26646
X6.01622 Y-2.26546
X6.01522 Y-2.26546
X6.01522 Y-2.26446
X6.01422 Y-2.26446
X6.01422 Y-2.26346
X6.01322 Y-2.26346
X6.01322 Y-2.26246
X6.01222 Y-2.26246
X6.01222 Y-2.26146
X6.01122 Y-2.26146
X6.01122 Y-2.26046
X6.01022 Y-2.26046
X6.01022 Y-2.25946
X6.00922 Y-2.25946
X6.00922 Y-2.25846
X6.00822 Y-2.25846
X6.00822 Y-2.25746
X6.00722 Y-2.25746
X6.00722 Y-2.25646
X6.00622 Y-2.25646
X6.00622 Y-2.25546
X6.00522 Y-2.25546
X6.00522 Y-2.25446
X6.00422 Y-2.25446
X6.00422 Y-2.25346
X6.00322 Y-2.25346
X6.00322 Y-2.25246
X6.00222 Y-2.25246
X6.00222 Y-2.25146
X6.00122 Y-2.25146
X6.00122 Y-2.25046
X6.00022 Y-2.25046
X6.00022 Y-2.24946
X5.99922 Y-2.24946
X5.99922 Y-2.24846
X5.99822 Y-2.24846
X5.99822 Y-2.24746
X5.99722 Y-2.24746
X5.99722 Y-2.24646
X5.99622 Y-2.24646
X5.99622 Y-2.24546
X5.99522 Y-2.24546
X5.99522 Y-2.24446
X5.99422 Y-2.24446
X5.99422 Y-2.24346
X5.99322 Y-2.24346
X5.99322 Y-2.24246
X5.99222 Y-2.24246
X5.99222 Y-2.24146
X5.99122 Y-2.24146
X5.99122 Y-2.24046
X5.99022 Y-2.24046
X5.99022 Y-2.23946
X5.98922 Y-2.23946
X5.98922 Y-2.23846
X5.98822 Y-2.23846
X5.98822 Y-2.23746
X5.98722 Y-2.23746
X5.98722 Y-2.23646
X5.98622 Y-2.23646
X5.98622 Y-2.23546
X5.98522 Y-2.23546
X5.98522 Y-2.23446
X5.98422 Y-2.23446
X5.98422 Y-2.23346
X5.98322 Y-2.23346
X5.98322 Y-2.23246
X5.98222 Y-2.23246
X5.98222 Y-2.23146
X5.98122 Y-2.23146
X5.98122 Y-2.23046
X5.98022 Y-2.23046
X5.98022 Y-2.22946
X5.97922 Y-2.22946
X5.97922 Y-2.22846
X5.97822 Y-2.22846
X5.97822 Y-2.22746
X5.97722 Y-2.22746
X5.97722 Y-2.22646
X5.97622 Y-2.22646
X5.97622 Y-2.22546
X5.97522 Y-2.22546
X5.97522 Y-2.22446
X5.97422 Y-2.22446
X5.97422 Y-2.22346
X5.97322 Y-2.22346
X5.97322 Y-2.22246
X5.97222 Y-2.22246
X5.97222 Y-2.22146
X5.97122 Y-2.22146
X5.97122 Y-2.22046
X5.97022 Y-2.22046
X5.97022 Y-2.21946
X5.96922 Y-2.21946
X5.96922 Y-2.21846
X5.96822 Y-2.21846
X5.96822 Y-2.21746
X5.96722 Y-2.21746
X5.96722 Y-2.21646
X5.96622 Y-2.21646
X5.96622 Y-2.21546
X5.96522 Y-2.21546
X5.96522 Y-2.21446
X5.96322 Y-2.21446
X5.96322 Y-2.21346
X5.96022 Y-2.21346
X5.96022 Y-2.21246
X5.92722 Y-2.21246
X5.92722 Y-2.20846
X5.92622 Y-2.20846
X5.92622 Y-2.20646
X5.92522 Y-2.20646
X5.92522 Y-2.20446
X5.92422 Y-2.20446
X5.92422 Y-2.20346
X5.92122 Y-2.20346
X5.92122 Y-2.20246
X5.83222 Y-2.20246
X5.83222 Y-2.20346
G04 P0 ( dwell for no time -- G64 should not smooth over this point )
G00 Z0.19685 ( retract )

G00 X4.46322 Y-2.22746 ( rapid move to begin. )
G01 Z-0.00394 F3.93701 ( plunge. )
G04 P0 ( dwell for no time -- G64 should not smooth over this point )
X4.46322 Y-2.22746
X4.46022 Y-2.22746
X4.46022 Y-2.22846
X4.45922 Y-2.22846
X4.45922 Y-2.23046
X4.45822 Y-2.23046
X4.45822 Y-2.23246
X4.45722 Y-2.23246
X4.45722 Y-2.27146
X4.45822 Y-2.27146
X4.45822 Y-2.27346
X4.45922 Y-2.27346
X4.45922 Y-2.27546
X4.46022 Y-2.27546
X4.46022 Y-2.27646
X4.46322 Y-2.27646
X4.46322 Y-2.27746
X4.55222 Y-2.27746
X4.55222 Y-2.27646
X4.55522 Y-2.27646
X4.55522 Y-2.27546
X4.55622 Y-2.27546
X4.55622 Y-2.27346
X4.55722 Y-2.27346
X4.55722 Y-2.27146
X4.55822 Y-2.27146
X4.55822 Y-2.26746
X4.57922 Y-2.26746
X4.57922 Y-2.26846
X4.58022 Y-2.26846
X4.58022 Y-2.26946
X4.58122 Y-2.26946
X4.58122 Y-2.27046
X4.58222 Y-2.27046
X4.58222 Y-2.27146
X4.58322 Y-2.27146
X4.58322 Y-2.27246
X4.58422 Y-2.27246
X4.58422 Y-2.27346
X4.58522 Y-2.27346
X4.58522 Y-2.27446
X4.58622 Y-2.27446
X4.58622 Y-2.27546
X4.58722 Y-2.27546
X4.58722 Y-2.27646
X4.58822 Y-2.27646
X4.58822 Y-2.27746
X4.58922 Y-2.27746
X4.58922 Y-2.27846
X4.59022 Y-2.27846
X4.59022 Y-2.27946
X4.59122 Y-2.27946
X4.59122 Y-2.28046
X4.59222 Y-2.28046
X4.59222 Y-2.28146
X4.59322 Y-2.28146
X4.59322 Y-2.28246
X4.59422 Y-2.28246
X4.59422 Y-2.28346
X4.59522 Y-2.28346
X4.59522 Y-2.28446
X4.59622 Y-2.28446
X4.59622 Y-2.28546
X4.59722 Y-2.28546
X4.59722 Y-2.28646
X4.59822 Y-2.28646
X4.59822 Y-2.28746
X4.59922 Y-2.28746
X4.59922 Y-2.28846
X4.60022 Y-2.28846
X4.60022 Y-2.28946
X4.60122 Y-2.28946
X4.60122 Y-2.47246
X4.54422 Y-2.47246
X4.54422 Y-2.47146
X4.54322 Y-2.47146
X4.54322 Y-2.46946
X4.54222 Y-2.46946
X4.54222 Y-2.46746
X4.54122 Y-2.46746
X4.54122 Y-2.46646
X4.54022 Y-2.46646
X4.54022 Y-2.46546
X4.53922 Y-2.46546
X4.53922 Y-2.46446
X4.53822 Y-2.46446
X4.53822 Y-2.46346
X4.53622 Y-2.46346
X4.53622 Y-2.46246
X4.53522 Y-2.46246
X4.53522 Y-2.46146
X4.53422 Y-2.46146
X4.53422 Y-2.46046
X4.53222 Y-2.46046
X4.53222 Y-2.45946
X4.53122 Y-2.45946
X4.53122 Y-2.45846
X4.52822 Y-2.45846
X4.52822 Y-2.45746
X4.52522 Y-2.45746
X4.52522 Y-2.45646
X4.47622 Y-2.45646
X4.47622 Y-2.45746
X4.47322 Y-2.45746
X4.47322 Y-2.45846
X4.47022 Y-2.45846
X4.47022 Y-2.45946
X4.46922 Y-2.45946
X4.46922 Y-2.46046
X4.46722 Y-2.46046
X4.46722 Y-2.46146
X4.46622 Y-2.46146
X4.46622 Y-2.46246
X4.46522 Y-2.46246
X4.46522 Y-2.46346
X4.46322 Y-2.46346
X4.46322 Y-2.46446
X4.46222 Y-2.46446
X4.46222 Y-2.46546
X4.46122 Y-2.46546
X4.46122 Y-2.46646
X4.46022 Y-2.46646
X4.46022 Y-2.46746
X4.45922 Y-2.46746
X4.45922 Y-2.46946
X4.45822 Y-2.46946
X4.45822 Y-2.47146
X4.45722 Y-2.47146
X4.45722 Y-2.47246
X4.45622 Y-2.47246
X4.45622 Y-2.47446
X4.45522 Y-2.47446
X4.45522 Y-2.47746
X4.45422 Y-2.47746
X4.45422 Y-2.48346
X4.45322 Y-2.48346
X4.45322 Y-2.49246
X4.45422 Y-2.49246
X4.45422 Y-2.49846
X4.45522 Y-2.49846
X4.45522 Y-2.50146
X4.45622 Y-2.50146
X4.45622 Y-2.50346
X4.45722 Y-2.50346
X4.45722 Y-2.50446
X4.45822 Y-2.50446
X4.45822 Y-2.50646
X4.45922 Y-2.50646
X4.45922 Y-2.50846
X4.46022 Y-2.50846
X4.46022 Y-2.50946
X4.46122 Y-2.50946
X4.46122 Y-2.51046
X4.46222 Y-2.51046
X4.46222 Y-2.51146
X4.46322 Y-2.51146
X4.46322 Y-2.51246
X4.46522 Y-2.51246
X4.46522 Y-2.51346
X4.46622 Y-2.51346
X4.46622 Y-2.51446
X4.46722 Y-2.51446
X4.46722 Y-2.51546
X4.46922 Y-2.51546
X4.46922 Y-2.51646
X4.47022 Y-2.51646
X4.47022 Y-2.51746
X4.47322 Y-2.51746
X4.47322 Y-2.51846
X4.47622 Y-2.51846
X4.47622 Y-2.51946
X4.52522 Y-2.51946
X4.52522 Y-2.51846
X4.52822 Y-2.51846
X4.52822 Y-2.51746
X4.53122 Y-2.51746
X4.53122 Y-2.51646
X4.53222 Y-2.51646
X4.53222 Y-2.51546
X4.53422 Y-2.51546
X4.53422 Y-2.51446
X4.53522 Y-2.51446
X4.53522 Y-2.51346
X4.53622 Y-2.51346
X4.53622 Y-2.51246
X4.53822 Y-2.51246
X4.53822 Y-2.51146
X4.53922 Y-2.51146
X4.53922 Y-2.51046
X4.54022 Y-2.51046
X4.54022 Y-2.50946
X4.54122 Y-2.50946
X4.54122 Y-2.50846
X4.54222 Y-2.50846
X4.54222 Y-2.50646
X4.54322 Y-2.50646
X4.54322 Y-2.50446
X4.74322 Y-2.50446
X4.74322 Y-2.50346
X4.74622 Y-2.50346
X4.74622 Y-2.50246
X4.74822 Y-2.50246
X4.74822 Y-2.50146
X4.74922 Y-2.50146
X4.74922 Y-2.50046
X4.75022 Y-2.50046
X4.75022 Y-2.49946
X4.75122 Y-2.49946
X4.75122 Y-2.49846
X4.75222 Y-2.49846
X4.75222 Y-2.49746
X4.75322 Y-2.49746
X4.75322 Y-2.49646
X4.75422 Y-2.49646
X4.75422 Y-2.49546
X4.75522 Y-2.49546
X4.75522 Y-2.49446
X4.75622 Y-2.49446
X4.75622 Y-2.49346
X4.75722 Y-2.49346
X4.75722 Y-2.49246
X4.75822 Y-2.49246
X4.75822 Y-2.49146
X4.75922 Y-2.49146
X4.75922 Y-2.49046
X4.76022 Y-2.49046
X4.76022 Y-2.48946
X4.76122 Y-2.48946
X4.76122 Y-2.48846
X4.80222 Y-2.48846
X4.80222 Y-2.48746
X4.80722 Y-2.48746
X4.80722 Y-2.48646
X4.81222 Y-2.48646
X4.81222 Y-2.48546
X4.81522 Y-2.48546
X4.81522 Y-2.48446
X4.81722 Y-2.48446
X4.81722 Y-2.48346
X4.81822 Y-2.48346
X4.81822 Y-2.48246
X4.81922 Y-2.48246
X4.81922 Y-2.48146
X4.82122 Y-2.48146
X4.82122 Y-2.48046
X4.82222 Y-2.48046
X4.82222 Y-2.47946
X4.82322 Y-2.47946
X4.82322 Y-2.47846
X4.82422 Y-2.47846
X4.82422 Y-2.47746
X4.82522 Y-2.47746
X4.82522 Y-2.47546
X4.82622 Y-2.47546
X4.82622 Y-2.47346
X4.82722 Y-2.47346
X4.82722 Y-2.47246
X4.82822 Y-2.47246
X4.82822 Y-2.47046
X4.82922 Y-2.47046
X4.82922 Y-2.46746
X4.83022 Y-2.46746
X4.83022 Y-2.46146
X4.83122 Y-2.46146
X4.83122 Y-2.45446
X4.83022 Y-2.45446
X4.83022 Y-2.44846
X4.82922 Y-2.44846
X4.82922 Y-2.44546
X4.82822 Y-2.44546
X4.82822 Y-2.44346
X4.82722 Y-2.44346
X4.82722 Y-2.44246
X4.82622 Y-2.44246
X4.82622 Y-2.44046
X4.82522 Y-2.44046
X4.82522 Y-2.43846
X4.82422 Y-2.43846
X4.82422 Y-2.43746
X4.82322 Y-2.43746
X4.82322 Y-2.43646
X4.82222 Y-2.43646
X4.82222 Y-2.43546
X4.82122 Y-2.43546
X4.82122 Y-2.43446
X4.81922 Y-2.43446
X4.81922 Y-2.43346
X4.81822 Y-2.43346
X4.81822 Y-2.43246
X4.81722 Y-2.43246
X4.81722 Y-2.43146
X4.81522 Y-2.43146
X4.81522 Y-2.43046
X4.81222 Y-2.43046
X4.81222 Y-2.42946
X4.80722 Y-2.42946
X4.80722 Y-2.42846
X4.80222 Y-2.42846
X4.80222 Y-2.42746
X4.74122 Y-2.42746
X4.74122 Y-2.42846
X4.73622 Y-2.42846
X4.73622 Y-2.42946
X4.73122 Y-2.42946
X4.73122 Y-2.43046
X4.72822 Y-2.43046
X4.72822 Y-2.43146
X4.72722 Y-2.43146
X4.72722 Y-2.43246
X4.72522 Y-2.43246
X4.72522 Y-2.43346
X4.72422 Y-2.43346
X4.72422 Y-2.43446
X4.72222 Y-2.43446
X4.72222 Y-2.43546
X4.72122 Y-2.43546
X4.72122 Y-2.43646
X4.72022 Y-2.43646
X4.72022 Y-2.43746
X4.71922 Y-2.43746
X4.71922 Y-2.43846
X4.71822 Y-2.43846
X4.71822 Y-2.44046
X4.71722 Y-2.44046
X4.71722 Y-2.44246
X4.71622 Y-2.44246
X4.71622 Y-2.44346
X4.71522 Y-2.44346
X4.71522 Y-2.44546
X4.71422 Y-2.44546
X4.71422 Y-2.44846
X4.71322 Y-2.44846
X4.71322 Y-2.45446
X4.71222 Y-2.45446
X4.71222 Y-2.46146
X4.71322 Y-2.46146
X4.71322 Y-2.46746
X4.71422 Y-2.46746
X4.71422 Y-2.47046
X4.71522 Y-2.47046
X4.71522 Y-2.47246
X4.63322 Y-2.47246
X4.63322 Y-2.28046
X4.63222 Y-2.28046
X4.63222 Y-2.27646
X4.63122 Y-2.27646
X4.63122 Y-2.27446
X4.63022 Y-2.27446
X4.63022 Y-2.27346
X4.62922 Y-2.27346
X4.62922 Y-2.27246
X4.62822 Y-2.27246
X4.62822 Y-2.27146
X4.62722 Y-2.27146
X4.62722 Y-2.27046
X4.62622 Y-2.27046
X4.62622 Y-2.26846
X4.62522 Y-2.26846
X4.62522 Y-2.26746
X4.62422 Y-2.26746
X4.62422 Y-2.26646
X4.62322 Y-2.26646
X4.62322 Y-2.26546
X4.62222 Y-2.26546
X4.62222 Y-2.26446
X4.62122 Y-2.26446
X4.62122 Y-2.26346
X4.62022 Y-2.26346
X4.62022 Y-2.26246
X4.61922 Y-2.26246
X4.61922 Y-2.26146
X4.61822 Y-2.26146
X4.61822 Y-2.26046
X4.61722 Y-2.26046
X4.61722 Y-2.25946
X4.61622 Y-2.25946
X4.61622 Y-2.25846
X4.61522 Y-2.25846
X4.61522 Y-2.25746
X4.61422 Y-2.25746
X4.61422 Y-2.25646
X4.61322 Y-2.25646
X4.61322 Y-2.25546
X4.61222 Y-2.25546
X4.61222 Y-2.25446
X4.61122 Y-2.25446
X4.61122 Y-2.25346
X4.61022 Y-2.25346
X4.61022 Y-2.25246
X4.60922 Y-2.25246
X4.60922 Y-2.25146
X4.60822 Y-2.25146
X4.60822 Y-2.25046
X4.60722 Y-2.25046
X4.60722 Y-2.24946
X4.60622 Y-2.24946
X4.60622 Y-2.24846
X4.60522 Y-2.24846
X4.60522 Y-2.24746
X4.60422 Y-2.24746
X4.60422 Y-2.24646
X4.60322 Y-2.24646
X4.60322 Y-2.24546
X4.60222 Y-2.24546
X4.60222 Y-2.24446
X4.60122 Y-2.24446
X4.60122 Y-2.24346
X4.60022 Y-2.24346
X4.60022 Y-2.24246
X4.59922 Y-2.24246
X4.59922 Y-2.24146
X4.59822 Y-2.24146
X4.59822 Y-2.24046
X4.59722 Y-2.24046
X4.59722 Y-2.23946
X4.59622 Y-2.23946
X4.59622 Y-2.23846
X4.59522 Y-2.23846
X4.59522 Y-2.23746
X4.59322 Y-2.23746
X4.59322 Y-2.23646
X4.59022 Y-2.23646
X4.59022 Y-2.23546
X4.55822 Y-2.23546
X4.55822 Y-2.23246
X4.55722 Y-2.23246
X4.55722 Y-2.23046
X4.55622 Y-2.23046
X4.55622 Y-2.22846
X4.55522 Y-2.22846
X4.55522 Y-2.22746
X4.55222 Y-2.22746
X4.55222 Y-2.22646
X4.46322 Y-2.22646
X4.46322 Y-2.22746
G04 P0 ( dwell for no time -- G64 should not smooth over this point )
G00 Z0.19685 ( retract )

G00 X5.03022 Y-2.33846 ( rapid move to begin. )
G01 Z-0.00394 F3.93701 ( plunge. )
G04 P0 ( dwell for no time -- G64 should not smooth over this point )
X5.03022 Y-2.33846
X5.02722 Y-2.33846
X5.02722 Y-2.33946
X5.02622 Y-2.33946
X5.02622 Y-2.34146
X5.02522 Y-2.34146
X5.02522 Y-2.34346
X5.02422 Y-2.34346
X5.02422 Y-2.38246
X5.02522 Y-2.38246
X5.02522 Y-2.38446
X5.02622 Y-2.38446
X5.02622 Y-2.38646
X5.02722 Y-2.38646
X5.02722 Y-2.38746
X5.03022 Y-2.38746
X5.03022 Y-2.38846
X5.07522 Y-2.38846
X5.07522 Y-2.38946
X5.07622 Y-2.38946
X5.07622 Y-2.39046
X5.07722 Y-2.39046
X5.07722 Y-2.39146
X5.07822 Y-2.39146
X5.07822 Y-2.39246
X5.07922 Y-2.39246
X5.07922 Y-2.39346
X5.08022 Y-2.39346
X5.08022 Y-2.39446
X5.08122 Y-2.39446
X5.08122 Y-2.39546
X5.08222 Y-2.39546
X5.08222 Y-2.39646
X5.08322 Y-2.39646
X5.08322 Y-2.39746
X5.08422 Y-2.39746
X5.08422 Y-2.39846
X5.08522 Y-2.39846
X5.08522 Y-2.39946
X5.08622 Y-2.39946
X5.08622 Y-2.40046
X5.08722 Y-2.40046
X5.08722 Y-2.40146
X5.08822 Y-2.40146
X5.08822 Y-2.40246
X5.08922 Y-2.40246
X5.08922 Y-2.40346
X5.09022 Y-2.40346
X5.09022 Y-2.40446
X5.09122 Y-2.40446
X5.09122 Y-2.40546
X5.09222 Y-2.40546
X5.09222 Y-2.40646
X5.09322 Y-2.40646
X5.09322 Y-2.40746
X5.09422 Y-2.40746
X5.09422 Y-2.40846
X5.09522 Y-2.40846
X5.09522 Y-2.40946
X5.09622 Y-2.40946
X5.09622 Y-2.41046
X5.09722 Y-2.41046
X5.09722 Y-2.41146
X5.09822 Y-2.41146
X5.09822 Y-2.41246
X5.09922 Y-2.41246
X5.09922 Y-2.41346
X5.10022 Y-2.41346
X5.10022 Y-2.41446
X5.10122 Y-2.41446
X5.10122 Y-2.41546
X5.10222 Y-2.41546
X5.10222 Y-2.41646
X5.10322 Y-2.41646
X5.10322 Y-2.41746
X5.10422 Y-2.41746
X5.10422 Y-2.41846
X5.10522 Y-2.41846
X5.10522 Y-2.41946
X5.10622 Y-2.41946
X5.10622 Y-2.42046
X5.10722 Y-2.42046
X5.10722 Y-2.42146
X5.10822 Y-2.42146
X5.10822 Y-2.42246
X5.10922 Y-2.42246
X5.10922 Y-2.42346
X5.11022 Y-2.42346
X5.11022 Y-2.42446
X5.11122 Y-2.42446
X5.11122 Y-2.42546
X5.11222 Y-2.42546
X5.11222 Y-2.42646
X5.11322 Y-2.42646
X5.11322 Y-2.42746
X5.11422 Y-2.42746
X5.11422 Y-2.42846
X5.11522 Y-2.42846
X5.11522 Y-2.42946
X5.11622 Y-2.42946
X5.11622 Y-2.43046
X5.11722 Y-2.43046
X5.11722 Y-2.43146
X5.11822 Y-2.43146
X5.11822 Y-2.43246
X5.11922 Y-2.43246
X5.11922 Y-2.43346
X5.12022 Y-2.43346
X5.12022 Y-2.43446
X5.12122 Y-2.43446
X5.12122 Y-2.43546
X5.12222 Y-2.43546
X5.12222 Y-2.43646
X5.12322 Y-2.43646
X5.12322 Y-2.43746
X5.12422 Y-2.43746
X5.12422 Y-2.43846
X5.12522 Y-2.43846
X5.12522 Y-2.43946
X5.12622 Y-2.43946
X5.12622 Y-2.44046
X5.12722 Y-2.44046
X5.12722 Y-2.44146
X5.12822 Y-2.44146
X5.12822 Y-2.44246
X5.12922 Y-2.44246
X5.12922 Y-2.44346
X5.13022 Y-2.44346
X5.13022 Y-2.44446
X5.13122 Y-2.44446
X5.13122 Y-2.44546
X5.13222 Y-2.44546
X5.13222 Y-2.44646
X5.13322 Y-2.44646
X5.13322 Y-2.44746
X5.13422 Y-2.44746
X5.13422 Y-2.44846
X5.13522 Y-2.44846
X5.13522 Y-2.44946
X5.13622 Y-2.44946
X5.13622 Y-2.45046
X5.13722 Y-2.45046
X5.13722 Y-2.45146
X5.13822 Y-2.45146
X5.13822 Y-2.45246
X5.13922 Y-2.45246
X5.13922 Y-2.45346
X5.14022 Y-2.45346
X5.14022 Y-2.45446
X5.14122 Y-2.45446
X5.14122 Y-2.45546
X5.14222 Y-2.45546
X5.14222 Y-2.45646
X5.14322 Y-2.45646
X5.14322 Y-2.45746
X5.14422 Y-2.45746
X5.14422 Y-2.45846
X5.14522 Y-2.45846
X5.14522 Y-2.45946
X5.14622 Y-2.45946
X5.14622 Y-2.46046
X5.14722 Y-2.46046
X5.14722 Y-2.46146
X5.14822 Y-2.46146
X5.14822 Y-2.46246
X5.14922 Y-2.46246
X5.14922 Y-2.46346
X5.15022 Y-2.46346
X5.15022 Y-2.46446
X5.15122 Y-2.46446
X5.15122 Y-2.46546
X5.15222 Y-2.46546
X5.15222 Y-2.46646
X5.15322 Y-2.46646
X5.15322 Y-2.46746
X5.15422 Y-2.46746
X5.15422 Y-2.46846
X5.15522 Y-2.46846
X5.15522 Y-2.46946
X5.15622 Y-2.46946
X5.15622 Y-2.47046
X5.15722 Y-2.47046
X5.15722 Y-2.47146
X5.15822 Y-2.47146
X5.15822 Y-2.47246
X5.15922 Y-2.47246
X5.15922 Y-2.47346
X5.16022 Y-2.47346
X5.16022 Y-2.47446
X5.16122 Y-2.47446
X5.16122 Y-2.47546
X5.16222 Y-2.47546
X5.16222 Y-2.47646
X5.16322 Y-2.47646
X5.16322 Y-2.47746
X5.16422 Y-2.47746
X5.16422 Y-2.47846
X5.16522 Y-2.47846
X5.16522 Y-2.47946
X5.16622 Y-2.47946
X5.16622 Y-2.48046
X5.16722 Y-2.48046
X5.16722 Y-2.48146
X5.16822 Y-2.48146
X5.16822 Y-2.48246
X5.16922 Y-2.48246
X5.16922 Y-2.48346
X5.17022 Y-2.48346
X5.17022 Y-2.48446
X5.17122 Y-2.48446
X5.17122 Y-2.48546
X5.17222 Y-2.48546
X5.17222 Y-2.48646
X5.17322 Y-2.48646
X5.17322 Y-2.48746
X5.17422 Y-2.48746
X5.17422 Y-2.48846
X5.17522 Y-2.48846
X5.17522 Y-2.48946
X5.17622 Y-2.48946
X5.17622 Y-2.49046
X5.17722 Y-2.49046
X5.17722 Y-2.49146
X5.17822 Y-2.49146
X5.17822 Y-2.49246
X5.17922 Y-2.49246
X5.17922 Y-2.49346
X5.18022 Y-2.49346
X5.18022 Y-2.49446
X5.18122 Y-2.49446
X5.18122 Y-2.49546
X5.18222 Y-2.49546
X5.18222 Y-2.49646
X5.18322 Y-2.49646
X5.18322 Y-2.49746
X5.18422 Y-2.49746
X5.18422 Y-2.49846
X5.18522 Y-2.49846
X5.18522 Y-2.49946
X5.18622 Y-2.49946
X5.18622 Y-2.50046
X5.18722 Y-2.50046
X5.18722 Y-2.50146
X5.18822 Y-2.50146
X5.18822 Y-2.50246
X5.18922 Y-2.50246
X5.18922 Y-2.50346
X5.19022 Y-2.50346
X5.19022 Y-2.50446
X5.19122 Y-2.50446
X5.19122 Y-2.50546
X5.19222 Y-2.50546
X5.19222 Y-2.50646
X5.19322 Y-2.50646
X5.19322 Y-2.50746
X5.19422 Y-2.50746
X5.19422 Y-2.50846
X5.19522 Y-2.50846
X5.19522 Y-2.50946
X5.19622 Y-2.50946
X5.19622 Y-2.51046
X5.19722 Y-2.51046
X5.19722 Y-2.51146
X5.19822 Y-2.51146
X5.19822 Y-2.51246
X5.19922 Y-2.51246
X5.19922 Y-2.51346
X5.20022 Y-2.51346
X5.20022 Y-2.51446
X5.20122 Y-2.51446
X5.20122 Y-2.51546
X5.20222 Y-2.51546
X5.20222 Y-2.51646
X5.20322 Y-2.51646
X5.20322 Y-2.51746
X5.20422 Y-2.51746
X5.20422 Y-2.51846
X5.20522 Y-2.51846
X5.20522 Y-2.51946
X5.20622 Y-2.51946
X5.20622 Y-2.52046
X5.20722 Y-2.52046
X5.20722 Y-2.52146
X5.20722 Y-2.52146
X5.20722 Y-2.52446
X5.20622 Y-2.52446
X5.20622 Y-2.53046
X5.20522 Y-2.53046
X5.20522 Y-2.53746
X5.20622 Y-2.53746
X5.20622 Y-2.54346
X5.20722 Y-2.54346
X5.20722 Y-2.54646
X5.20822 Y-2.54646
X5.20822 Y-2.54846
X5.20922 Y-2.54846
X5.20922 Y-2.54946
X5.21022 Y-2.54946
X5.21022 Y-2.55146
X5.21122 Y-2.55146
X5.21122 Y-2.55346
X5.21222 Y-2.55346
X5.21222 Y-2.55446
X5.21322 Y-2.55446
X5.21322 Y-2.55546
X5.21422 Y-2.55546
X5.21422 Y-2.55646
X5.21522 Y-2.55646
X5.21522 Y-2.55746
X5.21722 Y-2.55746
X5.21722 Y-2.55846
X5.21822 Y-2.55846
X5.21822 Y-2.55946
X5.22022 Y-2.55946
X5.22022 Y-2.56046
X5.22122 Y-2.56046
X5.22122 Y-2.56146
X5.22422 Y-2.56146
X5.22422 Y-2.56246
X5.22922 Y-2.56246
X5.22922 Y-2.56346
X5.23422 Y-2.56346
X5.23422 Y-2.56446
X5.29522 Y-2.56446
X5.29522 Y-2.56346
X5.30022 Y-2.56346
X5.30022 Y-2.56246
X5.30522 Y-2.56246
X5.30522 Y-2.56146
X5.30822 Y-2.56146
X5.30822 Y-2.56046
X5.31022 Y-2.56046
X5.31022 Y-2.55946
X5.31122 Y-2.55946
X5.31122 Y-2.55846
X5.31222 Y-2.55846
X5.31222 Y-2.55746
X5.31422 Y-2.55746
X5.31422 Y-2.55646
X5.31522 Y-2.55646
X5.31522 Y-2.55546
X5.31622 Y-2.55546
X5.31622 Y-2.55446
X5.31722 Y-2.55446
X5.31722 Y-2.55346
X5.31822 Y-2.55346
X5.31822 Y-2.55146
X5.31922 Y-2.55146
X5.31922 Y-2.54946
X5.32022 Y-2.54946
X5.32022 Y-2.54846
X5.32122 Y-2.54846
X5.32122 Y-2.54646
X5.32222 Y-2.54646
X5.32222 Y-2.54346
X5.32322 Y-2.54346
X5.32322 Y-2.53746
X5.32422 Y-2.53746
X5.32422 Y-2.53046
X5.32322 Y-2.53046
X5.32322 Y-2.52446
X5.32222 Y-2.52446
X5.32222 Y-2.52146
X5.32122 Y-2.52146
X5.32122 Y-2.51946
X5.32022 Y-2.51946
X5.32022 Y-2.51846
X5.31922 Y-2.51846
X5.31922 Y-2.51646
X5.31822 Y-2.51646
X5.31822 Y-2.51446
X5.31722 Y-2.51446
X5.31722 Y-2.51346
X5.31622 Y-2.51346
X5.31622 Y-2.51246
X5.31522 Y-2.51246
X5.31522 Y-2.51146
X5.31422 Y-2.51146
X5.31422 Y-2.51046
X5.31222 Y-2.51046
X5.31222 Y-2.50946
X5.31122 Y-2.50946
X5.31122 Y-2.50846
X5.31022 Y-2.50846
X5.31022 Y-2.50746
X5.31122 Y-2.50746
X5.31122 Y-2.50646
X5.31222 Y-2.50646
X5.31222 Y-2.50546
X5.31322 Y-2.50546
X5.31322 Y-2.50446
X5.31422 Y-2.50446
X5.31422 Y-2.50346
X5.31522 Y-2.50346
X5.31522 Y-2.50246
X5.31622 Y-2.50246
X5.31622 Y-2.50146
X5.31722 Y-2.50146
X5.31722 Y-2.50046
X5.31822 Y-2.50046
X5.31822 Y-2.49946
X5.31922 Y-2.49946
X5.31922 Y-2.49846
X5.32022 Y-2.49846
X5.32022 Y-2.49746
X5.32122 Y-2.49746
X5.32122 Y-2.49646
X5.32222 Y-2.49646
X5.32222 Y-2.49546
X5.32322 Y-2.49546
X5.32322 Y-2.49446
X5.32422 Y-2.49446
X5.32422 Y-2.49346
X5.32522 Y-2.49346
X5.32522 Y-2.49246
X5.32622 Y-2.49246
X5.32622 Y-2.49146
X5.32722 Y-2.49146
X5.32722 Y-2.49046
X5.32822 Y-2.49046
X5.32822 Y-2.48946
X5.32922 Y-2.48946
X5.32922 Y-2.48846
X5.33022 Y-2.48846
X5.33022 Y-2.48746
X5.33122 Y-2.48746
X5.33122 Y-2.48646
X5.55422 Y-2.48646
X5.55422 Y-2.48846
X5.55522 Y-2.48846
X5.55522 Y-2.49046
X5.55622 Y-2.49046
X5.55622 Y-2.49146
X5.55722 Y-2.49146
X5.55722 Y-2.49246
X5.55822 Y-2.49246
X5.55822 Y-2.49346
X5.55922 Y-2.49346
X5.55922 Y-2.49446
X5.56122 Y-2.49446
X5.56122 Y-2.49546
X5.56222 Y-2.49546
X5.56222 Y-2.49646
X5.56322 Y-2.49646
X5.56322 Y-2.49746
X5.56522 Y-2.49746
X5.56522 Y-2.49846
X5.56622 Y-2.49846
X5.56622 Y-2.49946
X5.56922 Y-2.49946
X5.56922 Y-2.50046
X5.57222 Y-2.50046
X5.57222 Y-2.50146
X5.62122 Y-2.50146
X5.62122 Y-2.50046
X5.62422 Y-2.50046
X5.62422 Y-2.49946
X5.62722 Y-2.49946
X5.62722 Y-2.49846
X5.62822 Y-2.49846
X5.62822 Y-2.49746
X5.63022 Y-2.49746
X5.63022 Y-2.49646
X5.63122 Y-2.49646
X5.63122 Y-2.49546
X5.63222 Y-2.49546
X5.63222 Y-2.49446
X5.63422 Y-2.49446
X5.63422 Y-2.49346
X5.63522 Y-2.49346
X5.63522 Y-2.49246
X5.63622 Y-2.49246
X5.63622 Y-2.49146
X5.63722 Y-2.49146
X5.63722 Y-2.49046
X5.63822 Y-2.49046
X5.63822 Y-2.48846
X5.63922 Y-2.48846
X5.63922 Y-2.48646
X5.64022 Y-2.48646
X5.64022 Y-2.48546
X5.64122 Y-2.48546
X5.64122 Y-2.48346
X5.64222 Y-2.48346
X5.64222 Y-2.48046
X5.64322 Y-2.48046
X5.64322 Y-2.47446
X5.64422 Y-2.47446
X5.64422 Y-2.46546
X5.64322 Y-2.46546
X5.64322 Y-2.45946
X5.64222 Y-2.45946
X5.64222 Y-2.45646
X5.64122 Y-2.45646
X5.64122 Y-2.45446
X5.64022 Y-2.45446
X5.64022 Y-2.45346
X5.63922 Y-2.45346
X5.63922 Y-2.45146
X5.63822 Y-2.45146
X5.63822 Y-2.44946
X5.63722 Y-2.44946
X5.63722 Y-2.44846
X5.63622 Y-2.44846
X5.63622 Y-2.44746
X5.63522 Y-2.44746
X5.63522 Y-2.44646
X5.63422 Y-2.44646
X5.63422 Y-2.44546
X5.63222 Y-2.44546
X5.63222 Y-2.44446
X5.63122 Y-2.44446
X5.63122 Y-2.44346
X5.63022 Y-2.44346
X5.63022 Y-2.44246
X5.62822 Y-2.44246
X5.62822 Y-2.44146
X5.62722 Y-2.44146
X5.62722 Y-2.44046
X5.62422 Y-2.44046
X5.62422 Y-2.43946
X5.62122 Y-2.43946
X5.62122 Y-2.43846
X5.57222 Y-2.43846
X5.57222 Y-2.43946
X5.56922 Y-2.43946
X5.56922 Y-2.44046
X5.56622 Y-2.44046
X5.56622 Y-2.44146
X5.56522 Y-2.44146
X5.56522 Y-2.44246
X5.56322 Y-2.44246
X5.56322 Y-2.44346
X5.56222 Y-2.44346
X5.56222 Y-2.44446
X5.56122 Y-2.44446
X5.56122 Y-2.44546
X5.55922 Y-2.44546
X5.55922 Y-2.44646
X5.55822 Y-2.44646
X5.55822 Y-2.44746
X5.55722 Y-2.44746
X5.55722 Y-2.44846
X5.55622 Y-2.44846
X5.55622 Y-2.44946
X5.55522 Y-2.44946
X5.55522 Y-2.45146
X5.55422 Y-2.45146
X5.55422 Y-2.45346
X5.55322 Y-2.45346
X5.55322 Y-2.45446
X5.32122 Y-2.45446
X5.32122 Y-2.45546
X5.31822 Y-2.45546
X5.31822 Y-2.45646
X5.31622 Y-2.45646
X5.31622 Y-2.45746
X5.31522 Y-2.45746
X5.31522 Y-2.45846
X5.31422 Y-2.45846
X5.31422 Y-2.45946
X5.31322 Y-2.45946
X5.31322 Y-2.46046
X5.31222 Y-2.46046
X5.31222 Y-2.46146
X5.31122 Y-2.46146
X5.31122 Y-2.46246
X5.31022 Y-2.46246
X5.31022 Y-2.46346
X5.30922 Y-2.46346
X5.30922 Y-2.46446
X5.30822 Y-2.46446
X5.30822 Y-2.46546
X5.30722 Y-2.46546
X5.30722 Y-2.46646
X5.30622 Y-2.46646
X5.30622 Y-2.46746
X5.30522 Y-2.46746
X5.30522 Y-2.46846
X5.30422 Y-2.46846
X5.30422 Y-2.46946
X5.30322 Y-2.46946
X5.30322 Y-2.47046
X5.30222 Y-2.47046
X5.30222 Y-2.47146
X5.30122 Y-2.47146
X5.30122 Y-2.47246
X5.30022 Y-2.47246
X5.30022 Y-2.47346
X5.29922 Y-2.47346
X5.29922 Y-2.47446
X5.29822 Y-2.47446
X5.29822 Y-2.47546
X5.29722 Y-2.47546
X5.29722 Y-2.47646
X5.29622 Y-2.47646
X5.29622 Y-2.47746
X5.29522 Y-2.47746
X5.29522 Y-2.47846
X5.29422 Y-2.47846
X5.29422 Y-2.47946
X5.29322 Y-2.47946
X5.29322 Y-2.48046
X5.29222 Y-2.48046
X5.29222 Y-2.48146
X5.29122 Y-2.48146
X5.29122 Y-2.48246
X5.29022 Y-2.48246
X5.29022 Y-2.48346
X5.28922 Y-2.48346
X5.28922 Y-2.48446
X5.28822 Y-2.48446
X5.28822 Y-2.48546
X5.28722 Y-2.48546
X5.28722 Y-2.48646
X5.28622 Y-2.48646
X5.28622 Y-2.48746
X5.28522 Y-2.48746
X5.28522 Y-2.48846
X5.28422 Y-2.48846
X5.28422 Y-2.48946
X5.28322 Y-2.48946
X5.28322 Y-2.49046
X5.28222 Y-2.49046
X5.28222 Y-2.49146
X5.28122 Y-2.49146
X5.28122 Y-2.49246
X5.28022 Y-2.49246
X5.28022 Y-2.49346
X5.27922 Y-2.49346
X5.27922 Y-2.49446
X5.27822 Y-2.49446
X5.27822 Y-2.49546
X5.27722 Y-2.49546
X5.27722 Y-2.49646
X5.27622 Y-2.49646
X5.27622 Y-2.49746
X5.27522 Y-2.49746
X5.27522 Y-2.49846
X5.27422 Y-2.49846
X5.27422 Y-2.49946
X5.27322 Y-2.49946
X5.27322 Y-2.50046
X5.27222 Y-2.50046
X5.27222 Y-2.50146
X5.27122 Y-2.50146
X5.27122 Y-2.50246
X5.27022 Y-2.50246
X5.27022 Y-2.50346
X5.23422 Y-2.50346
X5.23422 Y-2.50246
X5.23322 Y-2.50246
X5.23322 Y-2.50146
X5.23222 Y-2.50146
X5.23222 Y-2.50046
X5.23122 Y-2.50046
X5.23122 Y-2.49946
X5.23022 Y-2.49946
X5.23022 Y-2.49846
X5.22922 Y-2.49846
X5.22922 Y-2.49746
X5.22822 Y-2.49746
X5.22822 Y-2.49646
X5.22722 Y-2.49646
X5.22722 Y-2.49546
X5.22622 Y-2.49546
X5.22622 Y-2.49446
X5.22522 Y-2.49446
X5.22522 Y-2.49346
X5.22422 Y-2.49346
X5.22422 Y-2.49246
X5.22322 Y-2.49246
X5.22322 Y-2.49146
X5.22222 Y-2.49146
X5.22222 Y-2.49046
X5.22122 Y-2.49046
X5.22122 Y-2.48946
X5.22022 Y-2.48946
X5.22022 Y-2.48846
X5.21922 Y-2.48846
X5.21922 Y-2.48746
X5.21822 Y-2.48746
X5.21822 Y-2.48646
X5.21722 Y-2.48646
X5.21722 Y-2.48546
X5.21622 Y-2.48546
X5.21622 Y-2.48446
X5.21522 Y-2.48446
X5.21522 Y-2.48346
X5.21422 Y-2.48346
X5.21422 Y-2.48246
X5.21322 Y-2.48246
X5.21322 Y-2.48146
X5.21222 Y-2.48146
X5.21222 Y-2.48046
X5.21122 Y-2.48046
X5.21122 Y-2.47946
X5.21022 Y-2.47946
X5.21022 Y-2.47846
X5.20922 Y-2.47846
X5.20922 Y-2.47746
X5.20822 Y-2.47746
X5.20822 Y-2.47646
X5.20722 Y-2.47646
X5.20722 Y-2.47546
X5.20622 Y-2.47546
X5.20622 Y-2.47446
X5.20522 Y-2.47446
X5.20522 Y-2.47346
X5.20422 Y-2.47346
X5.20422 Y-2.47246
X5.20322 Y-2.47246
X5.20322 Y-2.47146
X5.20222 Y-2.47146
X5.20222 Y-2.47046
X5.20122 Y-2.47046
X5.20122 Y-2.46946
X5.20022 Y-2.46946
X5.20022 Y-2.46846
X5.19922 Y-2.46846
X5.19922 Y-2.46746
X5.19822 Y-2.46746
X5.19822 Y-2.46646
X5.19722 Y-2.46646
X5.19722 Y-2.46546
X5.19622 Y-2.46546
X5.19622 Y-2.46446
X5.19522 Y-2.46446
X5.19522 Y-2.46346
X5.19422 Y-2.46346
X5.19422 Y-2.46246
X5.19322 Y-2.46246
X5.19322 Y-2.46146
X5.19222 Y-2.46146
X5.19222 Y-2.46046
X5.19122 Y-2.46046
X5.19122 Y-2.45946
X5.19022 Y-2.45946
X5.19022 Y-2.45846
X5.18922 Y-2.45846
X5.18922 Y-2.45746
X5.18822 Y-2.45746
X5.18822 Y-2.45646
X5.18722 Y-2.45646
X5.18722 Y-2.45546
X5.18622 Y-2.45546
X5.18622 Y-2.45446
X5.18522 Y-2.45446
X5.18522 Y-2.45346
X5.18422 Y-2.45346
X5.18422 Y-2.45246
X5.18322 Y-2.45246
X5.18322 Y-2.45146
X5.18222 Y-2.45146
X5.18222 Y-2.45046
X5.18122 Y-2.45046
X5.18122 Y-2.44946
X5.18022 Y-2.44946
X5.18022 Y-2.44846
X5.17922 Y-2.44846
X5.17922 Y-2.44746
X5.17822 Y-2.44746
X5.17822 Y-2.44646
X5.17722 Y-2.44646
X5.17722 Y-2.44546
X5.17622 Y-2.44546
X5.17622 Y-2.44446
X5.17522 Y-2.44446
X5.17522 Y-2.44346
X5.17422 Y-2.44346
X5.17422 Y-2.44246
X5.17322 Y-2.44246
X5.17322 Y-2.44146
X5.17222 Y-2.44146
X5.17222 Y-2.44046
X5.17122 Y-2.44046
X5.17122 Y-2.43946
X5.17022 Y-2.43946
X5.17022 Y-2.43846
X5.16922 Y-2.43846
X5.16922 Y-2.43746
X5.16822 Y-2.43746
X5.16822 Y-2.43646
X5.16722 Y-2.43646
X5.16722 Y-2.43546
X5.16622 Y-2.43546
X5.16622 Y-2.43446
X5.16522 Y-2.43446
X5.16522 Y-2.43346
X5.16422 Y-2.43346
X5.16422 Y-2.43246
X5.16322 Y-2.43246
X5.16322 Y-2.43146
X5.16222 Y-2.43146
X5.16222 Y-2.43046
X5.16122 Y-2.43046
X5.16122 Y-2.42946
X5.16022 Y-2.42946
X5.16022 Y-2.42846
X5.15922 Y-2.42846
X5.15922 Y-2.42746
X5.15822 Y-2.42746
X5.15822 Y-2.42646
X5.15722 Y-2.42646
X5.15722 Y-2.42546
X5.15622 Y-2.42546
X5.15622 Y-2.42446
X5.15522 Y-2.42446
X5.15522 Y-2.42346
X5.15422 Y-2.42346
X5.15422 Y-2.42246
X5.15322 Y-2.42246
X5.15322 Y-2.42146
X5.15222 Y-2.42146
X5.15222 Y-2.42046
X5.15122 Y-2.42046
X5.15122 Y-2.41946
X5.15022 Y-2.41946
X5.15022 Y-2.41846
X5.14922 Y-2.41846
X5.14922 Y-2.41746
X5.14822 Y-2.41746
X5.14822 Y-2.41646
X5.14722 Y-2.41646
X5.14722 Y-2.41546
X5.14622 Y-2.41546
X5.14622 Y-2.41446
X5.14522 Y-2.41446
X5.14522 Y-2.41346
X5.14422 Y-2.41346
X5.14422 Y-2.41246
X5.14322 Y-2.41246
X5.14322 Y-2.41146
X5.14222 Y-2.41146
X5.14222 Y-2.41046
X5.14122 Y-2.41046
X5.14122 Y-2.40946
X5.14022 Y-2.40946
X5.14022 Y-2.40846
X5.13922 Y-2.40846
X5.13922 Y-2.40746
X5.13822 Y-2.40746
X5.13822 Y-2.40646
X5.13722 Y-2.40646
X5.13722 Y-2.40546
X5.13622 Y-2.40546
X5.13622 Y-2.40446
X5.13522 Y-2.40446
X5.13522 Y-2.40346
X5.13422 Y-2.40346
X5.13422 Y-2.40246
X5.13322 Y-2.40246
X5.13322 Y-2.40146
X5.13222 Y-2.40146
X5.13222 Y-2.40046
X5.13122 Y-2.40046
X5.13122 Y-2.39946
X5.13022 Y-2.39946
X5.13022 Y-2.39846
X5.12922 Y-2.39846
X5.12922 Y-2.39746
X5.12822 Y-2.39746
X5.12822 Y-2.39646
X5.12722 Y-2.39646
X5.12722 Y-2.39546
X5.12622 Y-2.39546
X5.12622 Y-2.39446
X5.12522 Y-2.39446
X5.12522 Y-2.39346
X5.12422 Y-2.39346
X5.12422 Y-2.39246
X5.12322 Y-2.39246
X5.12322 Y-2.39146
X5.12222 Y-2.39146
X5.12222 Y-2.39046
X5.12122 Y-2.39046
X5.12122 Y-2.38946
X5.12022 Y-2.38946
X5.12022 Y-2.38846
X5.11922 Y-2.38846
X5.11922 Y-2.38746
X5.12222 Y-2.38746
X5.12222 Y-2.38646
X5.12322 Y-2.38646
X5.12322 Y-2.38446
X5.12422 Y-2.38446
X5.12422 Y-2.38246
X5.12522 Y-2.38246
X5.12522 Y-2.34346
X5.12422 Y-2.34346
X5.12422 Y-2.34146
X5.12322 Y-2.34146
X5.12322 Y-2.33946
X5.12222 Y-2.33946
X5.12222 Y-2.33846
X5.11922 Y-2.33846
X5.11922 Y-2.33746
X5.03022 Y-2.33746
X5.03022 Y-2.33846
G04 P0 ( dwell for no time -- G64 should not smooth over this point )
G00 Z0.19685 ( retract )

G00 X4.46022 Y-2.35746 ( rapid move to begin. )
G01 Z-0.00394 F3.93701 ( plunge. )
G04 P0 ( dwell for no time -- G64 should not smooth over this point )
X4.46022 Y-2.35746
X4.45722 Y-2.35746
X4.45722 Y-2.35846
X4.45522 Y-2.35846
X4.45522 Y-2.36046
X4.45422 Y-2.36046
X4.45422 Y-2.36246
X4.45322 Y-2.36246
X4.45322 Y-2.37246
X4.43022 Y-2.37246
X4.43022 Y-2.37346
X4.42722 Y-2.37346
X4.42722 Y-2.37446
X4.42522 Y-2.37446
X4.42522 Y-2.37546
X4.42422 Y-2.37546
X4.42422 Y-2.37646
X4.42322 Y-2.37646
X4.42322 Y-2.37746
X4.42222 Y-2.37746
X4.42222 Y-2.37846
X4.42122 Y-2.37846
X4.42122 Y-2.37946
X4.42022 Y-2.37946
X4.42022 Y-2.38046
X4.41922 Y-2.38046
X4.41922 Y-2.38146
X4.41822 Y-2.38146
X4.41822 Y-2.38246
X4.41722 Y-2.38246
X4.41722 Y-2.38346
X4.41622 Y-2.38346
X4.41622 Y-2.38446
X4.41522 Y-2.38446
X4.41522 Y-2.38546
X4.41422 Y-2.38546
X4.41422 Y-2.38646
X4.41322 Y-2.38646
X4.41322 Y-2.38746
X4.41222 Y-2.38746
X4.41222 Y-2.38846
X4.41122 Y-2.38846
X4.41122 Y-2.38946
X4.41022 Y-2.38946
X4.41022 Y-2.39046
X4.40922 Y-2.39046
X4.40922 Y-2.39146
X4.40822 Y-2.39146
X4.40822 Y-2.39246
X4.40722 Y-2.39246
X4.40722 Y-2.39346
X4.40622 Y-2.39346
X4.40622 Y-2.39446
X4.40522 Y-2.39446
X4.40522 Y-2.39546
X4.40422 Y-2.39546
X4.40422 Y-2.39646
X4.40322 Y-2.39646
X4.40322 Y-2.39746
X4.40222 Y-2.39746
X4.40222 Y-2.39846
X4.40122 Y-2.39846
X4.40122 Y-2.39946
X4.40022 Y-2.39946
X4.40022 Y-2.40046
X4.39922 Y-2.40046
X4.39922 Y-2.40146
X4.39822 Y-2.40146
X4.39822 Y-2.40246
X4.39722 Y-2.40246
X4.39722 Y-2.40346
X4.39622 Y-2.40346
X4.39622 Y-2.40446
X4.39522 Y-2.40446
X4.39522 Y-2.40546
X4.39422 Y-2.40546
X4.39422 Y-2.40646
X4.39322 Y-2.40646
X4.39322 Y-2.40746
X4.39222 Y-2.40746
X4.39222 Y-2.40846
X4.39122 Y-2.40846
X4.39122 Y-2.40946
X4.39022 Y-2.40946
X4.39022 Y-2.41046
X4.38922 Y-2.41046
X4.38922 Y-2.41146
X4.38822 Y-2.41146
X4.38822 Y-2.41246
X4.38722 Y-2.41246
X4.38722 Y-2.41346
X4.38622 Y-2.41346
X4.38622 Y-2.41446
X4.38522 Y-2.41446
X4.38522 Y-2.41546
X4.38422 Y-2.41546
X4.38422 Y-2.41646
X4.38322 Y-2.41646
X4.38322 Y-2.41746
X4.38222 Y-2.41746
X4.38222 Y-2.41846
X4.38122 Y-2.41846
X4.38122 Y-2.41946
X4.38022 Y-2.41946
X4.38022 Y-2.42046
X4.37922 Y-2.42046
X4.37922 Y-2.42146
X4.37822 Y-2.42146
X4.37822 Y-2.42246
X4.37722 Y-2.42246
X4.37722 Y-2.42346
X4.37622 Y-2.42346
X4.37622 Y-2.42446
X4.37522 Y-2.42446
X4.37522 Y-2.42546
X4.37422 Y-2.42546
X4.37422 Y-2.42646
X4.37322 Y-2.42646
X4.37322 Y-2.42746
X4.37222 Y-2.42746
X4.37222 Y-2.42846
X4.37122 Y-2.42846
X4.37122 Y-2.42946
X4.37022 Y-2.42946
X4.37022 Y-2.43046
X4.36922 Y-2.43046
X4.36922 Y-2.43146
X4.36822 Y-2.43146
X4.36822 Y-2.43246
X4.36722 Y-2.43246
X4.36722 Y-2.43346
X4.36622 Y-2.43346
X4.36622 Y-2.43446
X4.36522 Y-2.43446
X4.36522 Y-2.43546
X4.36422 Y-2.43546
X4.36422 Y-2.43646
X4.36322 Y-2.43646
X4.36322 Y-2.43746
X4.36222 Y-2.43746
X4.36222 Y-2.43846
X4.36122 Y-2.43846
X4.36122 Y-2.43946
X4.36022 Y-2.43946
X4.36022 Y-2.44046
X4.35922 Y-2.44046
X4.35922 Y-2.44146
X4.35822 Y-2.44146
X4.35822 Y-2.44246
X4.35722 Y-2.44246
X4.35722 Y-2.44346
X4.35622 Y-2.44346
X4.35622 Y-2.44446
X4.35522 Y-2.44446
X4.35522 Y-2.44546
X4.35422 Y-2.44546
X4.35422 Y-2.44646
X4.35322 Y-2.44646
X4.35322 Y-2.44746
X4.35222 Y-2.44746
X4.35222 Y-2.44846
X4.35122 Y-2.44846
X4.35122 Y-2.44946
X4.35022 Y-2.44946
X4.35022 Y-2.45046
X4.34922 Y-2.45046
X4.34922 Y-2.45146
X4.34822 Y-2.45146
X4.34822 Y-2.45246
X4.34722 Y-2.45246
X4.34722 Y-2.45346
X4.34622 Y-2.45346
X4.34622 Y-2.45446
X4.34522 Y-2.45446
X4.34522 Y-2.45546
X4.34422 Y-2.45546
X4.34422 Y-2.45746
X4.34322 Y-2.45746
X4.34322 Y-2.46146
X4.34222 Y-2.46146
X4.34222 Y-2.74346
X4.34322 Y-2.74346
X4.34322 Y-2.74746
X4.34422 Y-2.74746
X4.34422 Y-2.74946
X4.34522 Y-2.74946
X4.34522 Y-2.75046
X4.34622 Y-2.75046
X4.34622 Y-2.75146
X4.34722 Y-2.75146
X4.34722 Y-2.75246
X4.34822 Y-2.75246
X4.34822 Y-2.75346
X4.34922 Y-2.75346
X4.34922 Y-2.75446
X4.35022 Y-2.75446
X4.35022 Y-2.75546
X4.35122 Y-2.75546
X4.35122 Y-2.75646
X4.35222 Y-2.75646
X4.35222 Y-2.75746
X4.35322 Y-2.75746
X4.35322 Y-2.75846
X4.35422 Y-2.75846
X4.35422 Y-2.75946
X4.35522 Y-2.75946
X4.35522 Y-2.76046
X4.35622 Y-2.76046
X4.35622 Y-2.76146
X4.35722 Y-2.76146
X4.35722 Y-2.76246
X4.35822 Y-2.76246
X4.35822 Y-2.76346
X4.35922 Y-2.76346
X4.35922 Y-2.76446
X4.36022 Y-2.76446
X4.36022 Y-2.76546
X4.36122 Y-2.76546
X4.36122 Y-2.76646
X4.36222 Y-2.76646
X4.36222 Y-2.76746
X4.36322 Y-2.76746
X4.36322 Y-2.76846
X4.36422 Y-2.76846
X4.36422 Y-2.76946
X4.36522 Y-2.76946
X4.36522 Y-2.77046
X4.36622 Y-2.77046
X4.36622 Y-2.77146
X4.36722 Y-2.77146
X4.36722 Y-2.77246
X4.36822 Y-2.77246
X4.36822 Y-2.77346
X4.36922 Y-2.77346
X4.36922 Y-2.77446
X4.37022 Y-2.77446
X4.37022 Y-2.77546
X4.37122 Y-2.77546
X4.37122 Y-2.77646
X4.37222 Y-2.77646
X4.37222 Y-2.77746
X4.37322 Y-2.77746
X4.37322 Y-2.77846
X4.37422 Y-2.77846
X4.37422 Y-2.77946
X4.37522 Y-2.77946
X4.37522 Y-2.78046
X4.37622 Y-2.78046
X4.37622 Y-2.78146
X4.37722 Y-2.78146
X4.37722 Y-2.78246
X4.37822 Y-2.78246
X4.37822 Y-2.78346
X4.37922 Y-2.78346
X4.37922 Y-2.78446
X4.38022 Y-2.78446
X4.38022 Y-2.78546
X4.38122 Y-2.78546
X4.38122 Y-2.78646
X4.38222 Y-2.78646
X4.38222 Y-2.78746
X4.38322 Y-2.78746
X4.38322 Y-2.78846
X4.38422 Y-2.78846
X4.38422 Y-2.78946
X4.38522 Y-2.78946
X4.38522 Y-2.79046
X4.38622 Y-2.79046
X4.38622 Y-2.79146
X4.38722 Y-2.79146
X4.38722 Y-2.79246
X4.38822 Y-2.79246
X4.38822 Y-2.79346
X4.38922 Y-2.79346
X4.38922 Y-2.79446
X4.39022 Y-2.79446
X4.39022 Y-2.79546
X4.39122 Y-2.79546
X4.39122 Y-2.79646
X4.39222 Y-2.79646
X4.39222 Y-2.79746
X4.39322 Y-2.79746
X4.39322 Y-2.79846
X4.39422 Y-2.79846
X4.39422 Y-2.79946
X4.39522 Y-2.79946
X4.39522 Y-2.80046
X4.39622 Y-2.80046
X4.39622 Y-2.80146
X4.39822 Y-2.80146
X4.39822 Y-2.80246
X4.40122 Y-2.80246
X4.40122 Y-2.80346
X5.06822 Y-2.80346
X5.06822 Y-2.80446
X5.06922 Y-2.80446
X5.06922 Y-2.80546
X5.07022 Y-2.80546
X5.07022 Y-2.80646
X5.07122 Y-2.80646
X5.07122 Y-2.80746
X5.07222 Y-2.80746
X5.07222 Y-2.80846
X5.07322 Y-2.80846
X5.07322 Y-2.80946
X5.07422 Y-2.80946
X5.07422 Y-2.81046
X5.07522 Y-2.81046
X5.07522 Y-2.81146
X5.07622 Y-2.81146
X5.07622 Y-2.81246
X5.07722 Y-2.81246
X5.07722 Y-2.81346
X5.07822 Y-2.81346
X5.07822 Y-2.81446
X5.07922 Y-2.81446
X5.07922 Y-2.81546
X5.08022 Y-2.81546
X5.08022 Y-2.81646
X5.08122 Y-2.81646
X5.08122 Y-2.81746
X5.08222 Y-2.81746
X5.08222 Y-2.81846
X5.08322 Y-2.81846
X5.08322 Y-2.81946
X5.08422 Y-2.81946
X5.08422 Y-2.82046
X5.08522 Y-2.82046
X5.08522 Y-2.82146
X5.08622 Y-2.82146
X5.08622 Y-2.82246
X5.08722 Y-2.82246
X5.08722 Y-2.82346
X5.08822 Y-2.82346
X5.08822 Y-2.82446
X5.08922 Y-2.82446
X5.08922 Y-2.82546
X5.09022 Y-2.82546
X5.09022 Y-2.82646
X5.09122 Y-2.82646
X5.09122 Y-2.82746
X5.09222 Y-2.82746
X5.09222 Y-2.82846
X5.09322 Y-2.82846
X5.09322 Y-2.82946
X5.09422 Y-2.82946
X5.09422 Y-2.83046
X5.09522 Y-2.83046
X5.09522 Y-2.83146
X5.09622 Y-2.83146
X5.09622 Y-2.83246
X5.09722 Y-2.83246
X5.09722 Y-2.83346
X5.09822 Y-2.83346
X5.09822 Y-2.83446
X5.09922 Y-2.83446
X5.09922 Y-2.83546
X5.10022 Y-2.83546
X5.10022 Y-2.83646
X5.10122 Y-2.83646
X5.10122 Y-2.83746
X5.10222 Y-2.83746
X5.10222 Y-2.83846
X5.10322 Y-2.83846
X5.10322 Y-2.83946
X5.10422 Y-2.83946
X5.10422 Y-2.84046
X5.10622 Y-2.84046
X5.10622 Y-2.84146
X5.10922 Y-2.84146
X5.10922 Y-2.84246
X5.34622 Y-2.84246
X5.34622 Y-2.84146
X5.34922 Y-2.84146
X5.34922 Y-2.84046
X5.35122 Y-2.84046
X5.35122 Y-2.83946
X5.35222 Y-2.83946
X5.35222 Y-2.83846
X5.35322 Y-2.83846
X5.35322 Y-2.83746
X5.35422 Y-2.83746
X5.35422 Y-2.83646
X5.35522 Y-2.83646
X5.35522 Y-2.83546
X5.35622 Y-2.83546
X5.35622 Y-2.83446
X5.35722 Y-2.83446
X5.35722 Y-2.83346
X5.35822 Y-2.83346
X5.35822 Y-2.83246
X5.35922 Y-2.83246
X5.35922 Y-2.83146
X5.36022 Y-2.83146
X5.36022 Y-2.83046
X5.36122 Y-2.83046
X5.36122 Y-2.82946
X5.36222 Y-2.82946
X5.36222 Y-2.82846
X5.36322 Y-2.82846
X5.36322 Y-2.82746
X5.36422 Y-2.82746
X5.36422 Y-2.82646
X5.36522 Y-2.82646
X5.36522 Y-2.82546
X5.36622 Y-2.82546
X5.36622 Y-2.82446
X5.36722 Y-2.82446
X5.36722 Y-2.82346
X5.36822 Y-2.82346
X5.36822 Y-2.82246
X5.36922 Y-2.82246
X5.36922 Y-2.82146
X5.37022 Y-2.82146
X5.37022 Y-2.82046
X5.37122 Y-2.82046
X5.37122 Y-2.81946
X5.37222 Y-2.81946
X5.37222 Y-2.81846
X5.37322 Y-2.81846
X5.37322 Y-2.81746
X5.37422 Y-2.81746
X5.37422 Y-2.81646
X5.37522 Y-2.81646
X5.37522 Y-2.81546
X5.37622 Y-2.81546
X5.37622 Y-2.81446
X5.37722 Y-2.81446
X5.37722 Y-2.81346
X5.37822 Y-2.81346
X5.37822 Y-2.81246
X5.37922 Y-2.81246
X5.37922 Y-2.81146
X5.67722 Y-2.81146
X5.67722 Y-2.81046
X5.68022 Y-2.81046
X5.68022 Y-2.80946
X5.68222 Y-2.80946
X5.68222 Y-2.80846
X5.68322 Y-2.80846
X5.68322 Y-2.80746
X5.68422 Y-2.80746
X5.68422 Y-2.80646
X5.68522 Y-2.80646
X5.68522 Y-2.80546
X5.68622 Y-2.80546
X5.68622 Y-2.80446
X5.68722 Y-2.80446
X5.68722 Y-2.80346
X5.68822 Y-2.80346
X5.68822 Y-2.80246
X5.68922 Y-2.80246
X5.68922 Y-2.80146
X5.69022 Y-2.80146
X5.69022 Y-2.80046
X5.69122 Y-2.80046
X5.69122 Y-2.79946
X5.69222 Y-2.79946
X5.69222 Y-2.79846
X5.69322 Y-2.79846
X5.69322 Y-2.79746
X5.69422 Y-2.79746
X5.69422 Y-2.79646
X5.69522 Y-2.79646
X5.69522 Y-2.79546
X5.69622 Y-2.79546
X5.69622 Y-2.79446
X5.69722 Y-2.79446
X5.69722 Y-2.79346
X5.69822 Y-2.79346
X5.69822 Y-2.79246
X5.69922 Y-2.79246
X5.69922 Y-2.79146
X5.70022 Y-2.79146
X5.70022 Y-2.79046
X5.70122 Y-2.79046
X5.70122 Y-2.78946
X5.70222 Y-2.78946
X5.70222 Y-2.78846
X5.70322 Y-2.78846
X5.70322 Y-2.78746
X5.70422 Y-2.78746
X5.70422 Y-2.78646
X5.70522 Y-2.78646
X5.70522 Y-2.78546
X5.70622 Y-2.78546
X5.70622 Y-2.78446
X5.70722 Y-2.78446
X5.70722 Y-2.78346
X5.70822 Y-2.78346
X5.70822 Y-2.78246
X5.70922 Y-2.78246
X5.70922 Y-2.78146
X5.71022 Y-2.78146
X5.71022 Y-2.78046
X5.71122 Y-2.78046
X5.71122 Y-2.77946
X5.71222 Y-2.77946
X5.71222 Y-2.77846
X5.71322 Y-2.77846
X5.71322 Y-2.77746
X5.71422 Y-2.77746
X5.71422 Y-2.77646
X5.71522 Y-2.77646
X5.71522 Y-2.77546
X5.71622 Y-2.77546
X5.71622 Y-2.77446
X5.71722 Y-2.77446
X5.71722 Y-2.77346
X5.71822 Y-2.77346
X5.71822 Y-2.77246
X5.71922 Y-2.77246
X5.71922 Y-2.77146
X5.72022 Y-2.77146
X5.72022 Y-2.77046
X5.72122 Y-2.77046
X5.72122 Y-2.76946
X5.72222 Y-2.76946
X5.72222 Y-2.76846
X5.72322 Y-2.76846
X5.72322 Y-2.76746
X5.72422 Y-2.76746
X5.72422 Y-2.76646
X5.72522 Y-2.76646
X5.72522 Y-2.76546
X5.72622 Y-2.76546
X5.72622 Y-2.76446
X5.72722 Y-2.76446
X5.72722 Y-2.76346
X5.72822 Y-2.76346
X5.72822 Y-2.76246
X5.72922 Y-2.76246
X5.72922 Y-2.76146
X5.73022 Y-2.76146
X5.73022 Y-2.76046
X5.73122 Y-2.76046
X5.73122 Y-2.75946
X5.73222 Y-2.75946
X5.73222 Y-2.75846
X5.73322 Y-2.75846
X5.73322 Y-2.75746
X5.73422 Y-2.75746
X5.73422 Y-2.75646
X5.73522 Y-2.75646
X5.73522 Y-2.75546
X5.73622 Y-2.75546
X5.73622 Y-2.75446
X5.73722 Y-2.75446
X5.73722 Y-2.75346
X5.73822 Y-2.75346
X5.73822 Y-2.75246
X5.73922 Y-2.75246
X5.73922 Y-2.75146
X5.74022 Y-2.75146
X5.74022 Y-2.75046
X5.74122 Y-2.75046
X5.74122 Y-2.74946
X5.74222 Y-2.74946
X5.74222 Y-2.74846
X5.74322 Y-2.74846
X5.74322 Y-2.74746
X5.74422 Y-2.74746
X5.74422 Y-2.74646
X5.74522 Y-2.74646
X5.74522 Y-2.74546
X5.74622 Y-2.74546
X5.74622 Y-2.74446
X5.74722 Y-2.74446
X5.74722 Y-2.74346
X5.74822 Y-2.74346
X5.74822 Y-2.74246
X5.74922 Y-2.74246
X5.74922 Y-2.74146
X5.75022 Y-2.74146
X5.75022 Y-2.74046
X5.75122 Y-2.74046
X5.75122 Y-2.73946
X5.75222 Y-2.73946
X5.75222 Y-2.73846
X5.75322 Y-2.73846
X5.75322 Y-2.73746
X5.75422 Y-2.73746
X5.75422 Y-2.73646
X5.75522 Y-2.73646
X5.75522 Y-2.73546
X5.75622 Y-2.73546
X5.75622 Y-2.73446
X5.75722 Y-2.73446
X5.75722 Y-2.73346
X5.75822 Y-2.73346
X5.75822 Y-2.73246
X5.75922 Y-2.73246
X5.75922 Y-2.73146
X5.76022 Y-2.73146
X5.76022 Y-2.73046
X5.76122 Y-2.73046
X5.76122 Y-2.72946
X5.76222 Y-2.72946
X5.76222 Y-2.72846
X5.76322 Y-2.72846
X5.76322 Y-2.72746
X5.76422 Y-2.72746
X5.76422 Y-2.72646
X5.76522 Y-2.72646
X5.76522 Y-2.72546
X5.76622 Y-2.72546
X5.76622 Y-2.72446
X5.76722 Y-2.72446
X5.76722 Y-2.72346
X5.76822 Y-2.72346
X5.76822 Y-2.72246
X5.76922 Y-2.72246
X5.76922 Y-2.72146
X5.77022 Y-2.72146
X5.77022 Y-2.72046
X5.77122 Y-2.72046
X5.77122 Y-2.71946
X5.77222 Y-2.71946
X5.77222 Y-2.71846
X5.77322 Y-2.71846
X5.77322 Y-2.71746
X5.77422 Y-2.71746
X5.77422 Y-2.71646
X5.77522 Y-2.71646
X5.77522 Y-2.71546
X5.77622 Y-2.71546
X5.77622 Y-2.71446
X5.77722 Y-2.71446
X5.77722 Y-2.71346
X5.77822 Y-2.71346
X5.77822 Y-2.71246
X5.77922 Y-2.71246
X5.77922 Y-2.71146
X5.78022 Y-2.71146
X5.78022 Y-2.71046
X5.78122 Y-2.71046
X5.78122 Y-2.70946
X5.78222 Y-2.70946
X5.78222 Y-2.70846
X5.78322 Y-2.70846
X5.78322 Y-2.70746
X5.78422 Y-2.70746
X5.78422 Y-2.70646
X5.78522 Y-2.70646
X5.78522 Y-2.70546
X5.78622 Y-2.70546
X5.78622 Y-2.70446
X5.78722 Y-2.70446
X5.78722 Y-2.70346
X5.78822 Y-2.70346
X5.78822 Y-2.70246
X5.78922 Y-2.70246
X5.78922 Y-2.70146
X5.79022 Y-2.70146
X5.79022 Y-2.70046
X5.79122 Y-2.70046
X5.79122 Y-2.69946
X5.79222 Y-2.69946
X5.79222 Y-2.69846
X5.79322 Y-2.69846
X5.79322 Y-2.69746
X5.79422 Y-2.69746
X5.79422 Y-2.69646
X5.79522 Y-2.69646
X5.79522 Y-2.69546
X5.79622 Y-2.69546
X5.79622 Y-2.69446
X5.79722 Y-2.69446
X5.79722 Y-2.69346
X5.79822 Y-2.69346
X5.79822 Y-2.69246
X5.79922 Y-2.69246
X5.79922 Y-2.69146
X5.80022 Y-2.69146
X5.80022 Y-2.68946
X5.80122 Y-2.68946
X5.80122 Y-2.68846
X5.80222 Y-2.68846
X5.80222 Y-2.68746
X5.80322 Y-2.68746
X5.80322 Y-2.68646
X5.85422 Y-2.68646
X5.85422 Y-2.68846
X5.85522 Y-2.68846
X5.85522 Y-2.69046
X5.85622 Y-2.69046
X5.85622 Y-2.69146
X5.85722 Y-2.69146
X5.85722 Y-2.69246
X5.85822 Y-2.69246
X5.85822 Y-2.69346
X5.85922 Y-2.69346
X5.85922 Y-2.69446
X5.86122 Y-2.69446
X5.86122 Y-2.69546
X5.86222 Y-2.69546
X5.86222 Y-2.69646
X5.86322 Y-2.69646
X5.86322 Y-2.69746
X5.86522 Y-2.69746
X5.86522 Y-2.69846
X5.86622 Y-2.69846
X5.86622 Y-2.69946
X5.86922 Y-2.69946
X5.86922 Y-2.70046
X5.87222 Y-2.70046
X5.87222 Y-2.70146
X5.92122 Y-2.70146
X5.92122 Y-2.70046
X5.92422 Y-2.70046
X5.92422 Y-2.69946
X5.92722 Y-2.69946
X5.92722 Y-2.69846
X5.92822 Y-2.69846
X5.92822 Y-2.69746
X5.93022 Y-2.69746
X5.93022 Y-2.69646
X5.93122 Y-2.69646
X5.93122 Y-2.69546
X5.93222 Y-2.69546
X5.93222 Y-2.69446
X5.93422 Y-2.69446
X5.93422 Y-2.69346
X5.93522 Y-2.69346
X5.93522 Y-2.69246
X5.93622 Y-2.69246
X5.93622 Y-2.69146
X5.93722 Y-2.69146
X5.93722 Y-2.69046
X5.93822 Y-2.69046
X5.93822 Y-2.68846
X5.93922 Y-2.68846
X5.93922 Y-2.68646
X5.94022 Y-2.68646
X5.94022 Y-2.68546
X5.94122 Y-2.68546
X5.94122 Y-2.68346
X5.94222 Y-2.68346
X5.94222 Y-2.68046
X5.94322 Y-2.68046
X5.94322 Y-2.67446
X5.94422 Y-2.67446
X5.94422 Y-2.66546
X5.94322 Y-2.66546
X5.94322 Y-2.65946
X5.94222 Y-2.65946
X5.94222 Y-2.65646
X5.94122 Y-2.65646
X5.94122 Y-2.65446
X5.94022 Y-2.65446
X5.94022 Y-2.65346
X5.93922 Y-2.65346
X5.93922 Y-2.65146
X5.93822 Y-2.65146
X5.93822 Y-2.64946
X5.93722 Y-2.64946
X5.93722 Y-2.64846
X5.93622 Y-2.64846
X5.93622 Y-2.64746
X5.93522 Y-2.64746
X5.93522 Y-2.64646
X5.93422 Y-2.64646
X5.93422 Y-2.64546
X5.93222 Y-2.64546
X5.93222 Y-2.64446
X5.93122 Y-2.64446
X5.93122 Y-2.64346
X5.93022 Y-2.64346
X5.93022 Y-2.64246
X5.92822 Y-2.64246
X5.92822 Y-2.64146
X5.92722 Y-2.64146
X5.92722 Y-2.64046
X5.92422 Y-2.64046
X5.92422 Y-2.63946
X5.92122 Y-2.63946
X5.92122 Y-2.63846
X5.87222 Y-2.63846
X5.87222 Y-2.63946
X5.86922 Y-2.63946
X5.86922 Y-2.64046
X5.86622 Y-2.64046
X5.86622 Y-2.64146
X5.86522 Y-2.64146
X5.86522 Y-2.64246
X5.86322 Y-2.64246
X5.86322 Y-2.64346
X5.86222 Y-2.64346
X5.86222 Y-2.64446
X5.86122 Y-2.64446
X5.86122 Y-2.64546
X5.85922 Y-2.64546
X5.85922 Y-2.64646
X5.85822 Y-2.64646
X5.85822 Y-2.64746
X5.85722 Y-2.64746
X5.85722 Y-2.64846
X5.85622 Y-2.64846
X5.85622 Y-2.64946
X5.85522 Y-2.64946
X5.85522 Y-2.65146
X5.85422 Y-2.65146
X5.85422 Y-2.65346
X5.85322 Y-2.65346
X5.85322 Y-2.65446
X5.79322 Y-2.65446
X5.79322 Y-2.65546
X5.79022 Y-2.65546
X5.79022 Y-2.65646
X5.78822 Y-2.65646
X5.78822 Y-2.65746
X5.78722 Y-2.65746
X5.78722 Y-2.65846
X5.78622 Y-2.65846
X5.78622 Y-2.65946
X5.78522 Y-2.65946
X5.78522 Y-2.66046
X5.78422 Y-2.66046
X5.78422 Y-2.66146
X5.78322 Y-2.66146
X5.78322 Y-2.66246
X5.78222 Y-2.66246
X5.78222 Y-2.66346
X5.78122 Y-2.66346
X5.78122 Y-2.66446
X5.78022 Y-2.66446
X5.78022 Y-2.66546
X5.77922 Y-2.66546
X5.77922 Y-2.66646
X5.77822 Y-2.66646
X5.77822 Y-2.66746
X5.77722 Y-2.66746
X5.77722 Y-2.66846
X5.77622 Y-2.66846
X5.77622 Y-2.66946
X5.77522 Y-2.66946
X5.77522 Y-2.67046
X5.77422 Y-2.67046
X5.77422 Y-2.67146
X5.77322 Y-2.67146
X5.77322 Y-2.67246
X5.77222 Y-2.67246
X5.77222 Y-2.67346
X5.77122 Y-2.67346
X5.77122 Y-2.67446
X5.77022 Y-2.67446
X5.77022 Y-2.67546
X5.76922 Y-2.67546
X5.76922 Y-2.67646
X5.76822 Y-2.67646
X5.76822 Y-2.67746
X5.76722 Y-2.67746
X5.76722 Y-2.67846
X5.76622 Y-2.67846
X5.76622 Y-2.67946
X5.76522 Y-2.67946
X5.76522 Y-2.68046
X5.76422 Y-2.68046
X5.76422 Y-2.68146
X5.76322 Y-2.68146
X5.76322 Y-2.68246
X5.76222 Y-2.68246
X5.76222 Y-2.68346
X5.76122 Y-2.68346
X5.76122 Y-2.68446
X5.76022 Y-2.68446
X5.76022 Y-2.68546
X5.75922 Y-2.68546
X5.75922 Y-2.68646
X5.75822 Y-2.68646
X5.75822 Y-2.68746
X5.75722 Y-2.68746
X5.75722 Y-2.68846
X5.75622 Y-2.68846
X5.75622 Y-2.68946
X5.75522 Y-2.68946
X5.75522 Y-2.69046
X5.75422 Y-2.69046
X5.75422 Y-2.69146
X5.75322 Y-2.69146
X5.75322 Y-2.69246
X5.75222 Y-2.69246
X5.75222 Y-2.69346
X5.75122 Y-2.69346
X5.75122 Y-2.69446
X5.75022 Y-2.69446
X5.75022 Y-2.69546
X5.74922 Y-2.69546
X5.74922 Y-2.69646
X5.74822 Y-2.69646
X5.74822 Y-2.69746
X5.74722 Y-2.69746
X5.74722 Y-2.69846
X5.74622 Y-2.69846
X5.74622 Y-2.69946
X5.74522 Y-2.69946
X5.74522 Y-2.70046
X5.74422 Y-2.70046
X5.74422 Y-2.70146
X5.74322 Y-2.70146
X5.74322 Y-2.70246
X5.74222 Y-2.70246
X5.74222 Y-2.70346
X5.74122 Y-2.70346
X5.74122 Y-2.70446
X5.74022 Y-2.70446
X5.74022 Y-2.70546
X5.73922 Y-2.70546
X5.73922 Y-2.70646
X5.73822 Y-2.70646
X5.73822 Y-2.70746
X5.73722 Y-2.70746
X5.73722 Y-2.70846
X5.73622 Y-2.70846
X5.73622 Y-2.70946
X5.73522 Y-2.70946
X5.73522 Y-2.71046
X5.73422 Y-2.71046
X5.73422 Y-2.71146
X5.73322 Y-2.71146
X5.73322 Y-2.71246
X5.73222 Y-2.71246
X5.73222 Y-2.71346
X5.73122 Y-2.71346
X5.73122 Y-2.71446
X5.73022 Y-2.71446
X5.73022 Y-2.71546
X5.72922 Y-2.71546
X5.72922 Y-2.71646
X5.72822 Y-2.71646
X5.72822 Y-2.71746
X5.72722 Y-2.71746
X5.72722 Y-2.71846
X5.72622 Y-2.71846
X5.72622 Y-2.71946
X5.72522 Y-2.71946
X5.72522 Y-2.72046
X5.72422 Y-2.72046
X5.72422 Y-2.72146
X5.72322 Y-2.72146
X5.72322 Y-2.72246
X5.72222 Y-2.72246
X5.72222 Y-2.72346
X5.72122 Y-2.72346
X5.72122 Y-2.72446
X5.72022 Y-2.72446
X5.72022 Y-2.72546
X5.71922 Y-2.72546
X5.71922 Y-2.72646
X5.71822 Y-2.72646
X5.71822 Y-2.72746
X5.71722 Y-2.72746
X5.71722 Y-2.72846
X5.71622 Y-2.72846
X5.71622 Y-2.72946
X5.71522 Y-2.72946
X5.71522 Y-2.73046
X5.71422 Y-2.73046
X5.71422 Y-2.73146
X5.71322 Y-2.73146
X5.71322 Y-2.73246
X5.71222 Y-2.73246
X5.71222 Y-2.73346
X5.71122 Y-2.73346
X5.71122 Y-2.73446
X5.71022 Y-2.73446
X5.71022 Y-2.73546
X5.70922 Y-2.73546
X5.70922 Y-2.73646
X5.70822 Y-2.73646
X5.70822 Y-2.73746
X5.70722 Y-2.73746
X5.70722 Y-2.73846
X5.70622 Y-2.73846
X5.70622 Y-2.73946
X5.70522 Y-2.73946
X5.70522 Y-2.74046
X5.70422 Y-2.74046
X5.70422 Y-2.74146
X5.70322 Y-2.74146
X5.70322 Y-2.74246
X5.70222 Y-2.74246
X5.70222 Y-2.74346
X5.70122 Y-2.74346
X5.70122 Y-2.74446
X5.70022 Y-2.74446
X5.70022 Y-2.74546
X5.69922 Y-2.74546
X5.69922 Y-2.74646
X5.69822 Y-2.74646
X5.69822 Y-2.74746
X5.69722 Y-2.74746
X5.69722 Y-2.74846
X5.69622 Y-2.74846
X5.69622 Y-2.74946
X5.69522 Y-2.74946
X5.69522 Y-2.75046
X5.69422 Y-2.75046
X5.69422 Y-2.75146
X5.69322 Y-2.75146
X5.69322 Y-2.75246
X5.69222 Y-2.75246
X5.69222 Y-2.75346
X5.69122 Y-2.75346
X5.69122 Y-2.75446
X5.69022 Y-2.75446
X5.69022 Y-2.75546
X5.68922 Y-2.75546
X5.68922 Y-2.75646
X5.68822 Y-2.75646
X5.68822 Y-2.75746
X5.68722 Y-2.75746
X5.68722 Y-2.75846
X5.68622 Y-2.75846
X5.68622 Y-2.75946
X5.68522 Y-2.75946
X5.68522 Y-2.76046
X5.68422 Y-2.76046
X5.68422 Y-2.76146
X5.68322 Y-2.76146
X5.68322 Y-2.76246
X5.68222 Y-2.76246
X5.68222 Y-2.76346
X5.68122 Y-2.76346
X5.68122 Y-2.76446
X5.68022 Y-2.76446
X5.68022 Y-2.76546
X5.67922 Y-2.76546
X5.67922 Y-2.76646
X5.67822 Y-2.76646
X5.67822 Y-2.76746
X5.67722 Y-2.76746
X5.67722 Y-2.76846
X5.67622 Y-2.76846
X5.67622 Y-2.76946
X5.67522 Y-2.76946
X5.67522 Y-2.77046
X5.67422 Y-2.77046
X5.67422 Y-2.77146
X5.67322 Y-2.77146
X5.67322 Y-2.77246
X5.67222 Y-2.77246
X5.67222 Y-2.77446
X5.67122 Y-2.77446
X5.67122 Y-2.77546
X5.67022 Y-2.77546
X5.67022 Y-2.77646
X5.66922 Y-2.77646
X5.66922 Y-2.77746
X5.66822 Y-2.77746
X5.66822 Y-2.77846
X5.66722 Y-2.77846
X5.66722 Y-2.77946
X5.36922 Y-2.77946
X5.36922 Y-2.78046
X5.36622 Y-2.78046
X5.36622 Y-2.78146
X5.36422 Y-2.78146
X5.36422 Y-2.78246
X5.36322 Y-2.78246
X5.36322 Y-2.78346
X5.36222 Y-2.78346
X5.36222 Y-2.78446
X5.36122 Y-2.78446
X5.36122 Y-2.78546
X5.36022 Y-2.78546
X5.36022 Y-2.78646
X5.35922 Y-2.78646
X5.35922 Y-2.78746
X5.35822 Y-2.78746
X5.35822 Y-2.78846
X5.35722 Y-2.78846
X5.35722 Y-2.78946
X5.35622 Y-2.78946
X5.35622 Y-2.79046
X5.35522 Y-2.79046
X5.35522 Y-2.79146
X5.35422 Y-2.79146
X5.35422 Y-2.79246
X5.35322 Y-2.79246
X5.35322 Y-2.79346
X5.35222 Y-2.79346
X5.35222 Y-2.79446
X5.35122 Y-2.79446
X5.35122 Y-2.79546
X5.35022 Y-2.79546
X5.35022 Y-2.79646
X5.34922 Y-2.79646
X5.34922 Y-2.79746
X5.34822 Y-2.79746
X5.34822 Y-2.79846
X5.34722 Y-2.79846
X5.34722 Y-2.79946
X5.34622 Y-2.79946
X5.34622 Y-2.80046
X5.34522 Y-2.80046
X5.34522 Y-2.80146
X5.34422 Y-2.80146
X5.34422 Y-2.80246
X5.34322 Y-2.80246
X5.34322 Y-2.80346
X5.34222 Y-2.80346
X5.34222 Y-2.80446
X5.34122 Y-2.80446
X5.34122 Y-2.80546
X5.34022 Y-2.80546
X5.34022 Y-2.80646
X5.33922 Y-2.80646
X5.33922 Y-2.80746
X5.33822 Y-2.80746
X5.33822 Y-2.80846
X5.33722 Y-2.80846
X5.33722 Y-2.80946
X5.33622 Y-2.80946
X5.33622 Y-2.81046
X5.11922 Y-2.81046
X5.11922 Y-2.80946
X5.11822 Y-2.80946
X5.11822 Y-2.80846
X5.11722 Y-2.80846
X5.11722 Y-2.80746
X5.11622 Y-2.80746
X5.11622 Y-2.80646
X5.11522 Y-2.80646
X5.11522 Y-2.80546
X5.11422 Y-2.80546
X5.11422 Y-2.80446
X5.11322 Y-2.80446
X5.11322 Y-2.80346
X5.11222 Y-2.80346
X5.11222 Y-2.80246
X5.11122 Y-2.80246
X5.11122 Y-2.80146
X5.11022 Y-2.80146
X5.11022 Y-2.80046
X5.10922 Y-2.80046
X5.10922 Y-2.79946
X5.10822 Y-2.79946
X5.10822 Y-2.79846
X5.10722 Y-2.79846
X5.10722 Y-2.79746
X5.10622 Y-2.79746
X5.10622 Y-2.79646
X5.10522 Y-2.79646
X5.10522 Y-2.79546
X5.10422 Y-2.79546
X5.10422 Y-2.79446
X5.10322 Y-2.79446
X5.10322 Y-2.79346
X5.10222 Y-2.79346
X5.10222 Y-2.79246
X5.10122 Y-2.79246
X5.10122 Y-2.79146
X5.10022 Y-2.79146
X5.10022 Y-2.79046
X5.09922 Y-2.79046
X5.09922 Y-2.78946
X5.09822 Y-2.78946
X5.09822 Y-2.78846
X5.09722 Y-2.78846
X5.09722 Y-2.78746
X5.09622 Y-2.78746
X5.09622 Y-2.78646
X5.09522 Y-2.78646
X5.09522 Y-2.78546
X5.09422 Y-2.78546
X5.09422 Y-2.78446
X5.09322 Y-2.78446
X5.09322 Y-2.78346
X5.09222 Y-2.78346
X5.09222 Y-2.78246
X5.09122 Y-2.78246
X5.09122 Y-2.78146
X5.09022 Y-2.78146
X5.09022 Y-2.78046
X5.08922 Y-2.78046
X5.08922 Y-2.77946
X5.08822 Y-2.77946
X5.08822 Y-2.77846
X5.08722 Y-2.77846
X5.08722 Y-2.77746
X5.08622 Y-2.77746
X5.08622 Y-2.77646
X5.08522 Y-2.77646
X5.08522 Y-2.77546
X5.08422 Y-2.77546
X5.08422 Y-2.77446
X5.08322 Y-2.77446
X5.08322 Y-2.77346
X5.08122 Y-2.77346
X5.08122 Y-2.77246
X5.07822 Y-2.77246
X5.07822 Y-2.77146
X4.41122 Y-2.77146
X4.41122 Y-2.77046
X4.41022 Y-2.77046
X4.41022 Y-2.76946
X4.40922 Y-2.76946
X4.40922 Y-2.76846
X4.40822 Y-2.76846
X4.40822 Y-2.76746
X4.40722 Y-2.76746
X4.40722 Y-2.76646
X4.40622 Y-2.76646
X4.40622 Y-2.76546
X4.40522 Y-2.76546
X4.40522 Y-2.76446
X4.40422 Y-2.76446
X4.40422 Y-2.76346
X4.40322 Y-2.76346
X4.40322 Y-2.76246
X4.40222 Y-2.76246
X4.40222 Y-2.76146
X4.40122 Y-2.76146
X4.40122 Y-2.76046
X4.40022 Y-2.76046
X4.40022 Y-2.75946
X4.39922 Y-2.75946
X4.39922 Y-2.75846
X4.39822 Y-2.75846
X4.39822 Y-2.75746
X4.39722 Y-2.75746
X4.39722 Y-2.75646
X4.39622 Y-2.75646
X4.39622 Y-2.75546
X4.39522 Y-2.75546
X4.39522 Y-2.75446
X4.39422 Y-2.75446
X4.39422 Y-2.75346
X4.39322 Y-2.75346
X4.39322 Y-2.75246
X4.39222 Y-2.75246
X4.39222 Y-2.75146
X4.39122 Y-2.75146
X4.39122 Y-2.75046
X4.39022 Y-2.75046
X4.39022 Y-2.74946
X4.38922 Y-2.74946
X4.38922 Y-2.74846
X4.38822 Y-2.74846
X4.38822 Y-2.74746
X4.38722 Y-2.74746
X4.38722 Y-2.74646
X4.38622 Y-2.74646
X4.38622 Y-2.74546
X4.38522 Y-2.74546
X4.38522 Y-2.74446
X4.38422 Y-2.74446
X4.38422 Y-2.74346
X4.38322 Y-2.74346
X4.38322 Y-2.74246
X4.38222 Y-2.74246
X4.38222 Y-2.74146
X4.38122 Y-2.74146
X4.38122 Y-2.74046
X4.38022 Y-2.74046
X4.38022 Y-2.73946
X4.37922 Y-2.73946
X4.37922 Y-2.73846
X4.37822 Y-2.73846
X4.37822 Y-2.73746
X4.37722 Y-2.73746
X4.37722 Y-2.73646
X4.37622 Y-2.73646
X4.37622 Y-2.73546
X4.37522 Y-2.73546
X4.37522 Y-2.73446
X4.37422 Y-2.73446
X4.37422 Y-2.47046
X4.37522 Y-2.47046
X4.37522 Y-2.46946
X4.37622 Y-2.46946
X4.37622 Y-2.46846
X4.37722 Y-2.46846
X4.37722 Y-2.46746
X4.37822 Y-2.46746
X4.37822 Y-2.46646
X4.37922 Y-2.46646
X4.37922 Y-2.46546
X4.38022 Y-2.46546
X4.38022 Y-2.46446
X4.38122 Y-2.46446
X4.38122 Y-2.46346
X4.38222 Y-2.46346
X4.38222 Y-2.46246
X4.38322 Y-2.46246
X4.38322 Y-2.46146
X4.38422 Y-2.46146
X4.38422 Y-2.46046
X4.38522 Y-2.46046
X4.38522 Y-2.45946
X4.38622 Y-2.45946
X4.38622 Y-2.45846
X4.38722 Y-2.45846
X4.38722 Y-2.45746
X4.38822 Y-2.45746
X4.38822 Y-2.45646
X4.38922 Y-2.45646
X4.38922 Y-2.45546
X4.39022 Y-2.45546
X4.39022 Y-2.45446
X4.39122 Y-2.45446
X4.39122 Y-2.45346
X4.39222 Y-2.45346
X4.39222 Y-2.45246
X4.39322 Y-2.45246
X4.39322 Y-2.45146
X4.39422 Y-2.45146
X4.39422 Y-2.45046
X4.39522 Y-2.45046
X4.39522 Y-2.44946
X4.39622 Y-2.44946
X4.39622 Y-2.44846
X4.39722 Y-2.44846
X4.39722 Y-2.44746
X4.39822 Y-2.44746
X4.39822 Y-2.44646
X4.39922 Y-2.44646
X4.39922 Y-2.44546
X4.40022 Y-2.44546
X4.40022 Y-2.44446
X4.40122 Y-2.44446
X4.40122 Y-2.44346
X4.40222 Y-2.44346
X4.40222 Y-2.44246
X4.40322 Y-2.44246
X4.40322 Y-2.44146
X4.40422 Y-2.44146
X4.40422 Y-2.44046
X4.40522 Y-2.44046
X4.40522 Y-2.43946
X4.40622 Y-2.43946
X4.40622 Y-2.43846
X4.40722 Y-2.43846
X4.40722 Y-2.43746
X4.40822 Y-2.43746
X4.40822 Y-2.43646
X4.40922 Y-2.43646
X4.40922 Y-2.43546
X4.41022 Y-2.43546
X4.41022 Y-2.43446
X4.41122 Y-2.43446
X4.41122 Y-2.43346
X4.41222 Y-2.43346
X4.41222 Y-2.43246
X4.41322 Y-2.43246
X4.41322 Y-2.43146
X4.41422 Y-2.43146
X4.41422 Y-2.43046
X4.41522 Y-2.43046
X4.41522 Y-2.42946
X4.41622 Y-2.42946
X4.41622 Y-2.42846
X4.41722 Y-2.42846
X4.41722 Y-2.42746
X4.41822 Y-2.42746
X4.41822 Y-2.42646
X4.41922 Y-2.42646
X4.41922 Y-2.42546
X4.42022 Y-2.42546
X4.42022 Y-2.42446
X4.42122 Y-2.42446
X4.42122 Y-2.42346
X4.42222 Y-2.42346
X4.42222 Y-2.42246
X4.42322 Y-2.42246
X4.42322 Y-2.42146
X4.42422 Y-2.42146
X4.42422 Y-2.42046
X4.42522 Y-2.42046
X4.42522 Y-2.41946
X4.42622 Y-2.41946
X4.42622 Y-2.41846
X4.42722 Y-2.41846
X4.42722 Y-2.41746
X4.42822 Y-2.41746
X4.42822 Y-2.41646
X4.42922 Y-2.41646
X4.42922 Y-2.41546
X4.43022 Y-2.41546
X4.43022 Y-2.41446
X4.43122 Y-2.41446
X4.43122 Y-2.41346
X4.43222 Y-2.41346
X4.43222 Y-2.41246
X4.43322 Y-2.41246
X4.43322 Y-2.41146
X4.43422 Y-2.41146
X4.43422 Y-2.41046
X4.43522 Y-2.41046
X4.43522 Y-2.40946
X4.43622 Y-2.40946
X4.43622 Y-2.40846
X4.43722 Y-2.40846
X4.43722 Y-2.40746
X4.43822 Y-2.40746
X4.43822 Y-2.40646
X4.43922 Y-2.40646
X4.43922 Y-2.40546
X4.44022 Y-2.40546
X4.44022 Y-2.40446
X4.45322 Y-2.40446
X4.45322 Y-2.41346
X4.45422 Y-2.41346
X4.45422 Y-2.41546
X4.45522 Y-2.41546
X4.45522 Y-2.41746
X4.45722 Y-2.41746
X4.45722 Y-2.41846
X4.46022 Y-2.41846
X4.46022 Y-2.41946
X4.54122 Y-2.41946
X4.54122 Y-2.41846
X4.54422 Y-2.41846
X4.54422 Y-2.41746
X4.54622 Y-2.41746
X4.54622 Y-2.41546
X4.54722 Y-2.41546
X4.54722 Y-2.41346
X4.54822 Y-2.41346
X4.54822 Y-2.36246
X4.54722 Y-2.36246
X4.54722 Y-2.36046
X4.54622 Y-2.36046
X4.54622 Y-2.35846
X4.54422 Y-2.35846
X4.54422 Y-2.35746
X4.54122 Y-2.35746
X4.54122 Y-2.35646
X4.46022 Y-2.35646
X4.46022 Y-2.35746
G04 P0 ( dwell for no time -- G64 should not smooth over this point )
G00 Z0.19685 ( retract )

G00 X5.87222 Y-2.43946 ( rapid move to begin. )
G01 Z-0.00394 F3.93701 ( plunge. )
G04 P0 ( dwell for no time -- G64 should not smooth over this point )
X5.87222 Y-2.43946
X5.86922 Y-2.43946
X5.86922 Y-2.44046
X5.86622 Y-2.44046
X5.86622 Y-2.44146
X5.86522 Y-2.44146
X5.86522 Y-2.44246
X5.86322 Y-2.44246
X5.86322 Y-2.44346
X5.86222 Y-2.44346
X5.86222 Y-2.44446
X5.86122 Y-2.44446
X5.86122 Y-2.44546
X5.85922 Y-2.44546
X5.85922 Y-2.44646
X5.85822 Y-2.44646
X5.85822 Y-2.44746
X5.85722 Y-2.44746
X5.85722 Y-2.44846
X5.85622 Y-2.44846
X5.85622 Y-2.44946
X5.85522 Y-2.44946
X5.85522 Y-2.45146
X5.85422 Y-2.45146
X5.85422 Y-2.45346
X5.85322 Y-2.45346
X5.85322 Y-2.45446
X5.77622 Y-2.45446
X5.77622 Y-2.45546
X5.77322 Y-2.45546
X5.77322 Y-2.45646
X5.77122 Y-2.45646
X5.77122 Y-2.45746
X5.77022 Y-2.45746
X5.77022 Y-2.45846
X5.76922 Y-2.45846
X5.76922 Y-2.45946
X5.76822 Y-2.45946
X5.76822 Y-2.46046
X5.76722 Y-2.46046
X5.76722 Y-2.46146
X5.76622 Y-2.46146
X5.76622 Y-2.46246
X5.76522 Y-2.46246
X5.76522 Y-2.46346
X5.76422 Y-2.46346
X5.76422 Y-2.46446
X5.76322 Y-2.46446
X5.76322 Y-2.46546
X5.76222 Y-2.46546
X5.76222 Y-2.46646
X5.76122 Y-2.46646
X5.76122 Y-2.46746
X5.76022 Y-2.46746
X5.76022 Y-2.46846
X5.75922 Y-2.46846
X5.75922 Y-2.46946
X5.75822 Y-2.46946
X5.75822 Y-2.47046
X5.75722 Y-2.47046
X5.75722 Y-2.47146
X5.75622 Y-2.47146
X5.75622 Y-2.47246
X5.75522 Y-2.47246
X5.75522 Y-2.47346
X5.75422 Y-2.47346
X5.75422 Y-2.47446
X5.75322 Y-2.47446
X5.75322 Y-2.47546
X5.75222 Y-2.47546
X5.75222 Y-2.47646
X5.75122 Y-2.47646
X5.75122 Y-2.47746
X5.75022 Y-2.47746
X5.75022 Y-2.47846
X5.74922 Y-2.47846
X5.74922 Y-2.47946
X5.74822 Y-2.47946
X5.74822 Y-2.48046
X5.74722 Y-2.48046
X5.74722 Y-2.48146
X5.74622 Y-2.48146
X5.74622 Y-2.48246
X5.74522 Y-2.48246
X5.74522 Y-2.48346
X5.74422 Y-2.48346
X5.74422 Y-2.48446
X5.74322 Y-2.48446
X5.74322 Y-2.48546
X5.74222 Y-2.48546
X5.74222 Y-2.48646
X5.74122 Y-2.48646
X5.74122 Y-2.48746
X5.74022 Y-2.48746
X5.74022 Y-2.48846
X5.73922 Y-2.48846
X5.73922 Y-2.48946
X5.73822 Y-2.48946
X5.73822 Y-2.49046
X5.73722 Y-2.49046
X5.73722 Y-2.49146
X5.73622 Y-2.49146
X5.73622 Y-2.49246
X5.73522 Y-2.49246
X5.73522 Y-2.49346
X5.73422 Y-2.49346
X5.73422 Y-2.49446
X5.73322 Y-2.49446
X5.73322 Y-2.49546
X5.73222 Y-2.49546
X5.73222 Y-2.49646
X5.73122 Y-2.49646
X5.73122 Y-2.49746
X5.73022 Y-2.49746
X5.73022 Y-2.49846
X5.72922 Y-2.49846
X5.72922 Y-2.49946
X5.72822 Y-2.49946
X5.72822 Y-2.50046
X5.72722 Y-2.50046
X5.72722 Y-2.50146
X5.72622 Y-2.50146
X5.72622 Y-2.50246
X5.72522 Y-2.50246
X5.72522 Y-2.50346
X5.72422 Y-2.50346
X5.72422 Y-2.50446
X5.72322 Y-2.50446
X5.72322 Y-2.50546
X5.72222 Y-2.50546
X5.72222 Y-2.50646
X5.72122 Y-2.50646
X5.72122 Y-2.50746
X5.72022 Y-2.50746
X5.72022 Y-2.50846
X5.71922 Y-2.50846
X5.71922 Y-2.50946
X5.71822 Y-2.50946
X5.71822 Y-2.51046
X5.71722 Y-2.51046
X5.71722 Y-2.51146
X5.71622 Y-2.51146
X5.71622 Y-2.51246
X5.71522 Y-2.51246
X5.71522 Y-2.51346
X5.71422 Y-2.51346
X5.71422 Y-2.51446
X5.71322 Y-2.51446
X5.71322 Y-2.51546
X5.71222 Y-2.51546
X5.71222 Y-2.51646
X5.71122 Y-2.51646
X5.71122 Y-2.51746
X5.71022 Y-2.51746
X5.71022 Y-2.51846
X5.70922 Y-2.51846
X5.70922 Y-2.51946
X5.70822 Y-2.51946
X5.70822 Y-2.52046
X5.70722 Y-2.52046
X5.70722 Y-2.52146
X5.70622 Y-2.52146
X5.70622 Y-2.52246
X5.70522 Y-2.52246
X5.70522 Y-2.52346
X5.70422 Y-2.52346
X5.70422 Y-2.52446
X5.70322 Y-2.52446
X5.70322 Y-2.52546
X5.70222 Y-2.52546
X5.70222 Y-2.52646
X5.70122 Y-2.52646
X5.70122 Y-2.52746
X5.70022 Y-2.52746
X5.70022 Y-2.52846
X5.69922 Y-2.52846
X5.69922 Y-2.52946
X5.69822 Y-2.52946
X5.69822 Y-2.53046
X5.69722 Y-2.53046
X5.69722 Y-2.53146
X5.69622 Y-2.53146
X5.69622 Y-2.53246
X5.69522 Y-2.53246
X5.69522 Y-2.53346
X5.69422 Y-2.53346
X5.69422 Y-2.53446
X5.69322 Y-2.53446
X5.69322 Y-2.53546
X5.69222 Y-2.53546
X5.69222 Y-2.53646
X5.69122 Y-2.53646
X5.69122 Y-2.53746
X5.69022 Y-2.53746
X5.69022 Y-2.53846
X5.68922 Y-2.53846
X5.68922 Y-2.53946
X5.68822 Y-2.53946
X5.68822 Y-2.54046
X5.68722 Y-2.54046
X5.68722 Y-2.54146
X5.68622 Y-2.54146
X5.68622 Y-2.54246
X5.68522 Y-2.54246
X5.68522 Y-2.54346
X5.68422 Y-2.54346
X5.68422 Y-2.54446
X5.68322 Y-2.54446
X5.68322 Y-2.54546
X5.68222 Y-2.54546
X5.68222 Y-2.54646
X5.68122 Y-2.54646
X5.68122 Y-2.54746
X5.68022 Y-2.54746
X5.68022 Y-2.54846
X5.67922 Y-2.54846
X5.67922 Y-2.54946
X5.67822 Y-2.54946
X5.67822 Y-2.55046
X5.67722 Y-2.55046
X5.67722 Y-2.55146
X5.67622 Y-2.55146
X5.67622 Y-2.55246
X5.67522 Y-2.55246
X5.67522 Y-2.55346
X5.67422 Y-2.55346
X5.67422 Y-2.55446
X5.64022 Y-2.55446
X5.64022 Y-2.55346
X5.63922 Y-2.55346
X5.63922 Y-2.55146
X5.63822 Y-2.55146
X5.63822 Y-2.54946
X5.63722 Y-2.54946
X5.63722 Y-2.54846
X5.63622 Y-2.54846
X5.63622 Y-2.54746
X5.63522 Y-2.54746
X5.63522 Y-2.54646
X5.63422 Y-2.54646
X5.63422 Y-2.54546
X5.63222 Y-2.54546
X5.63222 Y-2.54446
X5.63122 Y-2.54446
X5.63122 Y-2.54346
X5.63022 Y-2.54346
X5.63022 Y-2.54246
X5.62822 Y-2.54246
X5.62822 Y-2.54146
X5.62722 Y-2.54146
X5.62722 Y-2.54046
X5.62422 Y-2.54046
X5.62422 Y-2.53946
X5.62122 Y-2.53946
X5.62122 Y-2.53846
X5.57222 Y-2.53846
X5.57222 Y-2.53946
X5.56922 Y-2.53946
X5.56922 Y-2.54046
X5.56622 Y-2.54046
X5.56622 Y-2.54146
X5.56522 Y-2.54146
X5.56522 Y-2.54246
X5.56322 Y-2.54246
X5.56322 Y-2.54346
X5.56222 Y-2.54346
X5.56222 Y-2.54446
X5.56122 Y-2.54446
X5.56122 Y-2.54546
X5.55922 Y-2.54546
X5.55922 Y-2.54646
X5.55822 Y-2.54646
X5.55822 Y-2.54746
X5.55722 Y-2.54746
X5.55722 Y-2.54846
X5.55622 Y-2.54846
X5.55622 Y-2.54946
X5.55522 Y-2.54946
X5.55522 Y-2.55146
X5.55422 Y-2.55146
X5.55422 Y-2.55346
X5.55322 Y-2.55346
X5.55322 Y-2.55446
X5.42122 Y-2.55446
X5.42122 Y-2.55546
X5.41822 Y-2.55546
X5.41822 Y-2.55646
X5.41622 Y-2.55646
X5.41622 Y-2.55746
X5.41522 Y-2.55746
X5.41522 Y-2.55846
X5.41422 Y-2.55846
X5.41422 Y-2.55946
X5.41322 Y-2.55946
X5.41322 Y-2.56046
X5.41222 Y-2.56046
X5.41222 Y-2.56146
X5.41122 Y-2.56146
X5.41122 Y-2.56246
X5.41022 Y-2.56246
X5.41022 Y-2.56346
X5.40922 Y-2.56346
X5.40922 Y-2.56446
X5.40822 Y-2.56446
X5.40822 Y-2.56546
X5.40722 Y-2.56546
X5.40722 Y-2.56646
X5.40622 Y-2.56646
X5.40622 Y-2.56746
X5.40522 Y-2.56746
X5.40522 Y-2.56846
X5.40422 Y-2.56846
X5.40422 Y-2.56946
X5.40322 Y-2.56946
X5.40322 Y-2.57046
X5.40222 Y-2.57046
X5.40222 Y-2.57146
X5.40122 Y-2.57146
X5.40122 Y-2.57246
X5.40022 Y-2.57246
X5.40022 Y-2.57346
X5.39922 Y-2.57346
X5.39922 Y-2.57446
X5.39822 Y-2.57446
X5.39822 Y-2.57546
X5.39722 Y-2.57546
X5.39722 Y-2.57646
X5.39622 Y-2.57646
X5.39622 Y-2.57746
X5.39522 Y-2.57746
X5.39522 Y-2.57846
X5.39422 Y-2.57846
X5.39422 Y-2.57946
X5.39322 Y-2.57946
X5.39322 Y-2.58046
X5.39222 Y-2.58046
X5.39222 Y-2.58146
X5.39122 Y-2.58146
X5.39122 Y-2.58246
X5.39022 Y-2.58246
X5.39022 Y-2.58346
X5.38922 Y-2.58346
X5.38922 Y-2.58446
X5.38822 Y-2.58446
X5.38822 Y-2.58546
X5.38722 Y-2.58546
X5.38722 Y-2.58646
X5.38622 Y-2.58646
X5.38622 Y-2.58746
X5.38522 Y-2.58746
X5.38522 Y-2.58846
X5.38422 Y-2.58846
X5.38422 Y-2.58946
X5.38322 Y-2.58946
X5.38322 Y-2.59046
X5.38222 Y-2.59046
X5.38222 Y-2.59146
X5.38122 Y-2.59146
X5.38122 Y-2.59246
X5.38022 Y-2.59246
X5.38022 Y-2.59346
X5.37922 Y-2.59346
X5.37922 Y-2.59446
X5.37822 Y-2.59446
X5.37822 Y-2.59546
X5.37722 Y-2.59546
X5.37722 Y-2.59646
X5.37622 Y-2.59646
X5.37622 Y-2.59746
X5.37522 Y-2.59746
X5.37522 Y-2.59846
X5.37422 Y-2.59846
X5.37422 Y-2.59946
X5.37322 Y-2.59946
X5.37322 Y-2.60046
X5.37222 Y-2.60046
X5.37222 Y-2.60146
X5.37122 Y-2.60146
X5.37122 Y-2.60246
X5.37022 Y-2.60246
X5.37022 Y-2.60346
X5.36922 Y-2.60346
X5.36922 Y-2.60446
X5.36822 Y-2.60446
X5.36822 Y-2.60546
X5.33422 Y-2.60546
X5.33422 Y-2.60646
X5.32922 Y-2.60646
X5.32922 Y-2.60746
X5.32422 Y-2.60746
X5.32422 Y-2.60846
X5.32122 Y-2.60846
X5.32122 Y-2.60946
X5.32022 Y-2.60946
X5.32022 Y-2.61046
X5.31822 Y-2.61046
X5.31822 Y-2.61146
X5.31722 Y-2.61146
X5.31722 Y-2.61246
X5.31522 Y-2.61246
X5.31522 Y-2.61346
X5.31422 Y-2.61346
X5.31422 Y-2.61446
X5.31322 Y-2.61446
X5.31322 Y-2.61546
X5.31222 Y-2.61546
X5.31222 Y-2.61646
X5.02422 Y-2.61646
X5.02422 Y-2.61746
X4.98222 Y-2.61746
X4.98222 Y-2.61846
X4.97722 Y-2.61846
X4.97722 Y-2.61946
X4.97222 Y-2.61946
X4.97222 Y-2.62046
X4.96922 Y-2.62046
X4.96922 Y-2.62146
X4.96822 Y-2.62146
X4.96822 Y-2.62246
X4.96622 Y-2.62246
X4.96622 Y-2.62346
X4.96522 Y-2.62346
X4.96522 Y-2.62446
X4.96322 Y-2.62446
X4.96322 Y-2.62546
X4.96222 Y-2.62546
X4.96222 Y-2.62646
X4.96122 Y-2.62646
X4.96122 Y-2.62746
X4.96022 Y-2.62746
X4.96022 Y-2.62846
X4.95922 Y-2.62846
X4.95922 Y-2.63046
X4.95822 Y-2.63046
X4.95822 Y-2.63246
X4.95722 Y-2.63246
X4.95722 Y-2.63346
X4.95622 Y-2.63346
X4.95622 Y-2.63546
X4.95522 Y-2.63546
X4.95522 Y-2.63846
X4.95422 Y-2.63846
X4.95422 Y-2.64446
X4.95322 Y-2.64446
X4.95322 Y-2.65146
X4.95422 Y-2.65146
X4.95422 Y-2.65746
X4.95522 Y-2.65746
X4.95522 Y-2.66046
X4.95622 Y-2.66046
X4.95622 Y-2.66246
X4.95722 Y-2.66246
X4.95722 Y-2.66346
X4.95822 Y-2.66346
X4.95822 Y-2.66546
X4.95922 Y-2.66546
X4.95922 Y-2.66746
X4.96022 Y-2.66746
X4.96022 Y-2.66846
X4.96122 Y-2.66846
X4.96122 Y-2.66946
X4.96222 Y-2.66946
X4.96222 Y-2.67046
X4.96322 Y-2.67046
X4.96322 Y-2.67146
X4.96522 Y-2.67146
X4.96522 Y-2.67246
X4.96622 Y-2.67246
X4.96622 Y-2.67346
X4.96822 Y-2.67346
X4.96822 Y-2.67446
X4.96922 Y-2.67446
X4.96922 Y-2.67546
X4.97222 Y-2.67546
X4.97222 Y-2.67646
X4.97722 Y-2.67646
X4.97722 Y-2.67746
X4.98222 Y-2.67746
X4.98222 Y-2.67846
X5.04322 Y-2.67846
X5.04322 Y-2.67746
X5.04822 Y-2.67746
X5.04822 Y-2.67646
X5.05322 Y-2.67646
X5.05322 Y-2.67546
X5.05622 Y-2.67546
X5.05622 Y-2.67446
X5.05822 Y-2.67446
X5.05822 Y-2.67346
X5.05922 Y-2.67346
X5.05922 Y-2.67246
X5.06022 Y-2.67246
X5.06022 Y-2.67146
X5.06222 Y-2.67146
X5.06222 Y-2.67046
X5.06322 Y-2.67046
X5.06322 Y-2.66946
X5.06422 Y-2.66946
X5.06422 Y-2.66846
X5.06522 Y-2.66846
X5.06522 Y-2.66746
X5.06622 Y-2.66746
X5.06622 Y-2.66546
X5.06722 Y-2.66546
X5.06722 Y-2.66346
X5.06822 Y-2.66346
X5.06822 Y-2.66246
X5.06922 Y-2.66246
X5.06922 Y-2.66046
X5.07022 Y-2.66046
X5.07022 Y-2.65746
X5.07122 Y-2.65746
X5.07122 Y-2.65146
X5.07222 Y-2.65146
X5.07222 Y-2.64846
X5.30822 Y-2.64846
X5.30822 Y-2.65046
X5.30922 Y-2.65046
X5.30922 Y-2.65146
X5.31022 Y-2.65146
X5.31022 Y-2.65346
X5.31122 Y-2.65346
X5.31122 Y-2.65546
X5.31222 Y-2.65546
X5.31222 Y-2.65646
X5.31322 Y-2.65646
X5.31322 Y-2.65746
X5.31422 Y-2.65746
X5.31422 Y-2.65846
X5.31522 Y-2.65846
X5.31522 Y-2.65946
X5.31722 Y-2.65946
X5.31722 Y-2.66046
X5.31822 Y-2.66046
X5.31822 Y-2.66146
X5.32022 Y-2.66146
X5.32022 Y-2.66246
X5.32122 Y-2.66246
X5.32122 Y-2.66346
X5.32422 Y-2.66346
X5.32422 Y-2.66446
X5.32922 Y-2.66446
X5.32922 Y-2.66546
X5.33422 Y-2.66546
X5.33422 Y-2.66646
X5.39522 Y-2.66646
X5.39522 Y-2.66546
X5.40022 Y-2.66546
X5.40022 Y-2.66446
X5.40522 Y-2.66446
X5.40522 Y-2.66346
X5.40822 Y-2.66346
X5.40822 Y-2.66246
X5.41022 Y-2.66246
X5.41022 Y-2.66146
X5.41122 Y-2.66146
X5.41122 Y-2.66046
X5.41222 Y-2.66046
X5.41222 Y-2.65946
X5.41422 Y-2.65946
X5.41422 Y-2.65846
X5.41522 Y-2.65846
X5.41522 Y-2.65746
X5.41622 Y-2.65746
X5.41622 Y-2.65646
X5.41722 Y-2.65646
X5.41722 Y-2.65546
X5.41822 Y-2.65546
X5.41822 Y-2.65346
X5.41922 Y-2.65346
X5.41922 Y-2.65146
X5.42022 Y-2.65146
X5.42022 Y-2.65046
X5.42122 Y-2.65046
X5.42122 Y-2.64846
X5.42222 Y-2.64846
X5.42222 Y-2.64546
X5.42322 Y-2.64546
X5.42322 Y-2.63946
X5.42422 Y-2.63946
X5.42422 Y-2.63246
X5.42322 Y-2.63246
X5.42322 Y-2.62646
X5.42222 Y-2.62646
X5.42222 Y-2.62346
X5.42122 Y-2.62346
X5.42122 Y-2.62146
X5.42022 Y-2.62146
X5.42022 Y-2.62046
X5.41922 Y-2.62046
X5.41922 Y-2.61846
X5.41822 Y-2.61846
X5.41822 Y-2.61646
X5.41722 Y-2.61646
X5.41722 Y-2.61546
X5.41622 Y-2.61546
X5.41622 Y-2.61446
X5.41522 Y-2.61446
X5.41522 Y-2.61346
X5.41422 Y-2.61346
X5.41422 Y-2.61246
X5.41222 Y-2.61246
X5.41222 Y-2.61146
X5.41122 Y-2.61146
X5.41122 Y-2.61046
X5.41022 Y-2.61046
X5.41022 Y-2.60946
X5.40922 Y-2.60946
X5.40922 Y-2.60846
X5.41022 Y-2.60846
X5.41022 Y-2.60746
X5.41122 Y-2.60746
X5.41122 Y-2.60646
X5.41222 Y-2.60646
X5.41222 Y-2.60546
X5.41322 Y-2.60546
X5.41322 Y-2.60446
X5.41422 Y-2.60446
X5.41422 Y-2.60346
X5.41522 Y-2.60346
X5.41522 Y-2.60246
X5.41622 Y-2.60246
X5.41622 Y-2.60146
X5.41722 Y-2.60146
X5.41722 Y-2.60046
X5.41822 Y-2.60046
X5.41822 Y-2.59946
X5.41922 Y-2.59946
X5.41922 Y-2.59846
X5.42022 Y-2.59846
X5.42022 Y-2.59746
X5.42122 Y-2.59746
X5.42122 Y-2.59646
X5.42222 Y-2.59646
X5.42222 Y-2.59546
X5.42322 Y-2.59546
X5.42322 Y-2.59446
X5.42422 Y-2.59446
X5.42422 Y-2.59346
X5.42522 Y-2.59346
X5.42522 Y-2.59246
X5.42622 Y-2.59246
X5.42622 Y-2.59146
X5.42722 Y-2.59146
X5.42722 Y-2.59046
X5.42822 Y-2.59046
X5.42822 Y-2.58946
X5.42922 Y-2.58946
X5.42922 Y-2.58846
X5.43022 Y-2.58846
X5.43022 Y-2.58746
X5.43122 Y-2.58746
X5.43122 Y-2.58646
X5.55422 Y-2.58646
X5.55422 Y-2.58846
X5.55522 Y-2.58846
X5.55522 Y-2.59046
X5.55622 Y-2.59046
X5.55622 Y-2.59146
X5.55722 Y-2.59146
X5.55722 Y-2.59246
X5.55822 Y-2.59246
X5.55822 Y-2.59346
X5.55922 Y-2.59346
X5.55922 Y-2.59446
X5.56122 Y-2.59446
X5.56122 Y-2.59546
X5.56222 Y-2.59546
X5.56222 Y-2.59646
X5.56322 Y-2.59646
X5.56322 Y-2.59746
X5.56522 Y-2.59746
X5.56522 Y-2.59846
X5.56622 Y-2.59846
X5.56622 Y-2.59946
X5.56922 Y-2.59946
X5.56922 Y-2.60046
X5.57222 Y-2.60046
X5.57222 Y-2.60146
X5.62122 Y-2.60146
X5.62122 Y-2.60046
X5.62422 Y-2.60046
X5.62422 Y-2.59946
X5.62722 Y-2.59946
X5.62722 Y-2.59846
X5.62822 Y-2.59846
X5.62822 Y-2.59746
X5.63022 Y-2.59746
X5.63022 Y-2.59646
X5.63122 Y-2.59646
X5.63122 Y-2.59546
X5.63222 Y-2.59546
X5.63222 Y-2.59446
X5.63422 Y-2.59446
X5.63422 Y-2.59346
X5.63522 Y-2.59346
X5.63522 Y-2.59246
X5.63622 Y-2.59246
X5.63622 Y-2.59146
X5.63722 Y-2.59146
X5.63722 Y-2.59046
X5.63822 Y-2.59046
X5.63822 Y-2.58846
X5.63922 Y-2.58846
X5.63922 Y-2.58646
X5.68422 Y-2.58646
X5.68422 Y-2.58546
X5.68722 Y-2.58546
X5.68722 Y-2.58446
X5.68922 Y-2.58446
X5.68922 Y-2.58346
X5.69022 Y-2.58346
X5.69022 Y-2.58246
X5.69122 Y-2.58246
X5.69122 Y-2.58146
X5.69222 Y-2.58146
X5.69222 Y-2.58046
X5.69322 Y-2.58046
X5.69322 Y-2.57946
X5.69422 Y-2.57946
X5.69422 Y-2.57846
X5.69522 Y-2.57846
X5.69522 Y-2.57746
X5.69622 Y-2.57746
X5.69622 Y-2.57646
X5.69722 Y-2.57646
X5.69722 Y-2.57546
X5.69822 Y-2.57546
X5.69822 Y-2.57446
X5.69922 Y-2.57446
X5.69922 Y-2.57346
X5.70022 Y-2.57346
X5.70022 Y-2.57246
X5.70122 Y-2.57246
X5.70122 Y-2.57146
X5.70222 Y-2.57146
X5.70222 Y-2.57046
X5.70322 Y-2.57046
X5.70322 Y-2.56946
X5.70422 Y-2.56946
X5.70422 Y-2.56846
X5.70522 Y-2.56846
X5.70522 Y-2.56746
X5.70622 Y-2.56746
X5.70622 Y-2.56646
X5.70722 Y-2.56646
X5.70722 Y-2.56546
X5.70822 Y-2.56546
X5.70822 Y-2.56446
X5.70922 Y-2.56446
X5.70922 Y-2.56346
X5.71022 Y-2.56346
X5.71022 Y-2.56246
X5.71122 Y-2.56246
X5.71122 Y-2.56146
X5.71222 Y-2.56146
X5.71222 Y-2.56046
X5.71322 Y-2.56046
X5.71322 Y-2.55946
X5.71422 Y-2.55946
X5.71422 Y-2.55846
X5.71522 Y-2.55846
X5.71522 Y-2.55746
X5.71622 Y-2.55746
X5.71622 Y-2.55646
X5.71722 Y-2.55646
X5.71722 Y-2.55546
X5.71822 Y-2.55546
X5.71822 Y-2.55446
X5.71922 Y-2.55446
X5.71922 Y-2.55346
X5.72022 Y-2.55346
X5.72022 Y-2.55246
X5.72122 Y-2.55246
X5.72122 Y-2.55146
X5.72222 Y-2.55146
X5.72222 Y-2.55046
X5.72322 Y-2.55046
X5.72322 Y-2.54946
X5.72422 Y-2.54946
X5.72422 Y-2.54846
X5.72522 Y-2.54846
X5.72522 Y-2.54746
X5.72622 Y-2.54746
X5.72622 Y-2.54646
X5.72722 Y-2.54646
X5.72722 Y-2.54546
X5.72822 Y-2.54546
X5.72822 Y-2.54446
X5.72922 Y-2.54446
X5.72922 Y-2.54346
X5.73022 Y-2.54346
X5.73022 Y-2.54246
X5.73122 Y-2.54246
X5.73122 Y-2.54146
X5.73222 Y-2.54146
X5.73222 Y-2.54046
X5.73322 Y-2.54046
X5.73322 Y-2.53946
X5.73422 Y-2.53946
X5.73422 Y-2.53846
X5.73522 Y-2.53846
X5.73522 Y-2.53746
X5.73622 Y-2.53746
X5.73622 Y-2.53646
X5.73722 Y-2.53646
X5.73722 Y-2.53546
X5.73822 Y-2.53546
X5.73822 Y-2.53446
X5.73922 Y-2.53446
X5.73922 Y-2.53346
X5.74022 Y-2.53346
X5.74022 Y-2.53246
X5.74122 Y-2.53246
X5.74122 Y-2.53146
X5.74222 Y-2.53146
X5.74222 Y-2.53046
X5.74322 Y-2.53046
X5.74322 Y-2.52946
X5.74422 Y-2.52946
X5.74422 Y-2.52846
X5.74522 Y-2.52846
X5.74522 Y-2.52746
X5.74622 Y-2.52746
X5.74622 Y-2.52646
X5.74722 Y-2.52646
X5.74722 Y-2.52546
X5.74822 Y-2.52546
X5.74822 Y-2.52446
X5.74922 Y-2.52446
X5.74922 Y-2.52346
X5.75022 Y-2.52346
X5.75022 Y-2.52246
X5.75122 Y-2.52246
X5.75122 Y-2.52146
X5.75222 Y-2.52146
X5.75222 Y-2.52046
X5.75322 Y-2.52046
X5.75322 Y-2.51946
X5.75422 Y-2.51946
X5.75422 Y-2.51846
X5.75522 Y-2.51846
X5.75522 Y-2.51746
X5.75622 Y-2.51746
X5.75622 Y-2.51646
X5.75722 Y-2.51646
X5.75722 Y-2.51546
X5.75822 Y-2.51546
X5.75822 Y-2.51446
X5.75922 Y-2.51446
X5.75922 Y-2.51346
X5.76022 Y-2.51346
X5.76022 Y-2.51246
X5.76122 Y-2.51246
X5.76122 Y-2.51146
X5.76222 Y-2.51146
X5.76222 Y-2.51046
X5.76322 Y-2.51046
X5.76322 Y-2.50946
X5.76422 Y-2.50946
X5.76422 Y-2.50846
X5.76522 Y-2.50846
X5.76522 Y-2.50746
X5.76622 Y-2.50746
X5.76622 Y-2.50646
X5.76722 Y-2.50646
X5.76722 Y-2.50546
X5.76822 Y-2.50546
X5.76822 Y-2.50446
X5.76922 Y-2.50446
X5.76922 Y-2.50346
X5.77022 Y-2.50346
X5.77022 Y-2.50246
X5.77122 Y-2.50246
X5.77122 Y-2.50146
X5.77222 Y-2.50146
X5.77222 Y-2.50046
X5.77322 Y-2.50046
X5.77322 Y-2.49946
X5.77422 Y-2.49946
X5.77422 Y-2.49846
X5.77522 Y-2.49846
X5.77522 Y-2.49746
X5.77622 Y-2.49746
X5.77622 Y-2.49646
X5.77722 Y-2.49646
X5.77722 Y-2.49546
X5.77822 Y-2.49546
X5.77822 Y-2.49446
X5.77922 Y-2.49446
X5.77922 Y-2.49346
X5.78022 Y-2.49346
X5.78022 Y-2.49246
X5.78122 Y-2.49246
X5.78122 Y-2.49146
X5.78222 Y-2.49146
X5.78222 Y-2.49046
X5.78322 Y-2.49046
X5.78322 Y-2.48946
X5.78422 Y-2.48946
X5.78422 Y-2.48846
X5.78522 Y-2.48846
X5.78522 Y-2.48746
X5.78622 Y-2.48746
X5.78622 Y-2.48646
X5.85422 Y-2.48646
X5.85422 Y-2.48846
X5.85522 Y-2.48846
X5.85522 Y-2.49046
X5.85622 Y-2.49046
X5.85622 Y-2.49146
X5.85722 Y-2.49146
X5.85722 Y-2.49246
X5.85822 Y-2.49246
X5.85822 Y-2.49346
X5.85922 Y-2.49346
X5.85922 Y-2.49446
X5.86122 Y-2.49446
X5.86122 Y-2.49546
X5.86222 Y-2.49546
X5.86222 Y-2.49646
X5.86322 Y-2.49646
X5.86322 Y-2.49746
X5.86522 Y-2.49746
X5.86522 Y-2.49846
X5.86622 Y-2.49846
X5.86622 Y-2.49946
X5.86922 Y-2.49946
X5.86922 Y-2.50046
X5.87222 Y-2.50046
X5.87222 Y-2.50146
X5.92122 Y-2.50146
X5.92122 Y-2.50046
X5.92422 Y-2.50046
X5.92422 Y-2.49946
X5.92722 Y-2.49946
X5.92722 Y-2.49846
X5.92822 Y-2.49846
X5.92822 Y-2.49746
X5.93022 Y-2.49746
X5.93022 Y-2.49646
X5.93122 Y-2.49646
X5.93122 Y-2.49546
X5.93222 Y-2.49546
X5.93222 Y-2.49446
X5.93422 Y-2.49446
X5.93422 Y-2.49346
X5.93522 Y-2.49346
X5.93522 Y-2.49246
X5.93622 Y-2.49246
X5.93622 Y-2.49146
X5.93722 Y-2.49146
X5.93722 Y-2.49046
X5.93822 Y-2.49046
X5.93822 Y-2.48846
X5.93922 Y-2.48846
X5.93922 Y-2.48646
X5.94022 Y-2.48646
X5.94022 Y-2.48546
X5.94122 Y-2.48546
X5.94122 Y-2.48346
X5.94222 Y-2.48346
X5.94222 Y-2.48046
X5.94322 Y-2.48046
X5.94322 Y-2.47446
X5.94422 Y-2.47446
X5.94422 Y-2.46546
X5.94322 Y-2.46546
X5.94322 Y-2.45946
X5.94222 Y-2.45946
X5.94222 Y-2.45646
X5.94122 Y-2.45646
X5.94122 Y-2.45446
X5.94022 Y-2.45446
X5.94022 Y-2.45346
X5.93922 Y-2.45346
X5.93922 Y-2.45146
X5.93822 Y-2.45146
X5.93822 Y-2.44946
X5.93722 Y-2.44946
X5.93722 Y-2.44846
X5.93622 Y-2.44846
X5.93622 Y-2.44746
X5.93522 Y-2.44746
X5.93522 Y-2.44646
X5.93422 Y-2.44646
X5.93422 Y-2.44546
X5.93222 Y-2.44546
X5.93222 Y-2.44446
X5.93122 Y-2.44446
X5.93122 Y-2.44346
X5.93022 Y-2.44346
X5.93022 Y-2.44246
X5.92822 Y-2.44246
X5.92822 Y-2.44146
X5.92722 Y-2.44146
X5.92722 Y-2.44046
X5.92422 Y-2.44046
X5.92422 Y-2.43946
X5.92122 Y-2.43946
X5.92122 Y-2.43846
X5.87222 Y-2.43846
X5.87222 Y-2.43946
G04 P0 ( dwell for no time -- G64 should not smooth over this point )
G00 Z0.19685 ( retract )

G00 X4.17622 Y-2.45746 ( rapid move to begin. )
G01 Z-0.00394 F3.93701 ( plunge. )
G04 P0 ( dwell for no time -- G64 should not smooth over this point )
X4.17622 Y-2.45746
X4.17322 Y-2.45746
X4.17322 Y-2.45846
X4.17022 Y-2.45846
X4.17022 Y-2.45946
X4.16922 Y-2.45946
X4.16922 Y-2.46046
X4.16722 Y-2.46046
X4.16722 Y-2.46146
X4.16622 Y-2.46146
X4.16622 Y-2.46246
X4.16522 Y-2.46246
X4.16522 Y-2.46346
X4.16322 Y-2.46346
X4.16322 Y-2.46446
X4.16222 Y-2.46446
X4.16222 Y-2.46546
X4.16122 Y-2.46546
X4.16122 Y-2.46646
X4.16022 Y-2.46646
X4.16022 Y-2.46746
X4.15922 Y-2.46746
X4.15922 Y-2.46946
X4.15822 Y-2.46946
X4.15822 Y-2.47146
X4.15722 Y-2.47146
X4.15722 Y-2.47246
X4.15622 Y-2.47246
X4.15622 Y-2.47446
X4.15522 Y-2.47446
X4.15522 Y-2.47746
X4.15422 Y-2.47746
X4.15422 Y-2.48346
X4.15322 Y-2.48346
X4.15322 Y-2.49246
X4.15422 Y-2.49246
X4.15422 Y-2.49846
X4.15522 Y-2.49846
X4.15522 Y-2.50146
X4.15622 Y-2.50146
X4.15622 Y-2.50346
X4.15722 Y-2.50346
X4.15722 Y-2.50446
X4.15822 Y-2.50446
X4.15822 Y-2.50646
X4.15922 Y-2.50646
X4.15922 Y-2.50846
X4.16022 Y-2.50846
X4.16022 Y-2.50946
X4.16122 Y-2.50946
X4.16122 Y-2.51046
X4.16222 Y-2.51046
X4.16222 Y-2.51146
X4.16322 Y-2.51146
X4.16322 Y-2.51246
X4.16522 Y-2.51246
X4.16522 Y-2.51346
X4.16622 Y-2.51346
X4.16622 Y-2.51446
X4.16722 Y-2.51446
X4.16722 Y-2.51546
X4.16922 Y-2.51546
X4.16922 Y-2.51646
X4.17022 Y-2.51646
X4.17022 Y-2.51746
X4.17322 Y-2.51746
X4.17322 Y-2.51846
X4.17622 Y-2.51846
X4.17622 Y-2.51946
X4.22522 Y-2.51946
X4.22522 Y-2.51846
X4.22822 Y-2.51846
X4.22822 Y-2.51746
X4.23122 Y-2.51746
X4.23122 Y-2.51646
X4.23222 Y-2.51646
X4.23222 Y-2.51546
X4.23422 Y-2.51546
X4.23422 Y-2.51446
X4.23522 Y-2.51446
X4.23522 Y-2.51346
X4.23622 Y-2.51346
X4.23622 Y-2.51246
X4.23822 Y-2.51246
X4.23822 Y-2.51146
X4.23922 Y-2.51146
X4.23922 Y-2.51046
X4.24022 Y-2.51046
X4.24022 Y-2.50946
X4.24122 Y-2.50946
X4.24122 Y-2.50846
X4.24222 Y-2.50846
X4.24222 Y-2.50646
X4.24322 Y-2.50646
X4.24322 Y-2.50446
X4.24422 Y-2.50446
X4.24422 Y-2.50346
X4.24522 Y-2.50346
X4.24522 Y-2.50146
X4.24622 Y-2.50146
X4.24622 Y-2.49846
X4.24722 Y-2.49846
X4.24722 Y-2.49246
X4.24822 Y-2.49246
X4.24822 Y-2.48346
X4.24722 Y-2.48346
X4.24722 Y-2.47746
X4.24622 Y-2.47746
X4.24622 Y-2.47446
X4.24522 Y-2.47446
X4.24522 Y-2.47246
X4.24422 Y-2.47246
X4.24422 Y-2.47146
X4.24322 Y-2.47146
X4.24322 Y-2.46946
X4.24222 Y-2.46946
X4.24222 Y-2.46746
X4.24122 Y-2.46746
X4.24122 Y-2.46646
X4.24022 Y-2.46646
X4.24022 Y-2.46546
X4.23922 Y-2.46546
X4.23922 Y-2.46446
X4.23822 Y-2.46446
X4.23822 Y-2.46346
X4.23622 Y-2.46346
X4.23622 Y-2.46246
X4.23522 Y-2.46246
X4.23522 Y-2.46146
X4.23422 Y-2.46146
X4.23422 Y-2.46046
X4.23222 Y-2.46046
X4.23222 Y-2.45946
X4.23122 Y-2.45946
X4.23122 Y-2.45846
X4.22822 Y-2.45846
X4.22822 Y-2.45746
X4.22522 Y-2.45746
X4.22522 Y-2.45646
X4.17622 Y-2.45646
X4.17622 Y-2.45746
G04 P0 ( dwell for no time -- G64 should not smooth over this point )
G00 Z0.19685 ( retract )

G00 X4.17622 Y-2.55746 ( rapid move to begin. )
G01 Z-0.00394 F3.93701 ( plunge. )
G04 P0 ( dwell for no time -- G64 should not smooth over this point )
X4.17622 Y-2.55746
X4.17322 Y-2.55746
X4.17322 Y-2.55846
X4.17022 Y-2.55846
X4.17022 Y-2.55946
X4.16922 Y-2.55946
X4.16922 Y-2.56046
X4.16722 Y-2.56046
X4.16722 Y-2.56146
X4.16622 Y-2.56146
X4.16622 Y-2.56246
X4.16522 Y-2.56246
X4.16522 Y-2.56346
X4.16322 Y-2.56346
X4.16322 Y-2.56446
X4.16222 Y-2.56446
X4.16222 Y-2.56546
X4.16122 Y-2.56546
X4.16122 Y-2.56646
X4.16022 Y-2.56646
X4.16022 Y-2.56746
X4.15922 Y-2.56746
X4.15922 Y-2.56946
X4.15822 Y-2.56946
X4.15822 Y-2.57146
X4.15722 Y-2.57146
X4.15722 Y-2.57246
X4.15622 Y-2.57246
X4.15622 Y-2.57446
X4.15522 Y-2.57446
X4.15522 Y-2.57746
X4.15422 Y-2.57746
X4.15422 Y-2.58346
X4.15322 Y-2.58346
X4.15322 Y-2.59246
X4.15422 Y-2.59246
X4.15422 Y-2.59846
X4.15522 Y-2.59846
X4.15522 Y-2.60146
X4.15622 Y-2.60146
X4.15622 Y-2.60346
X4.15722 Y-2.60346
X4.15722 Y-2.60446
X4.15822 Y-2.60446
X4.15822 Y-2.60646
X4.15922 Y-2.60646
X4.15922 Y-2.60846
X4.16022 Y-2.60846
X4.16022 Y-2.60946
X4.16122 Y-2.60946
X4.16122 Y-2.61046
X4.16222 Y-2.61046
X4.16222 Y-2.61146
X4.16322 Y-2.61146
X4.16322 Y-2.61246
X4.16522 Y-2.61246
X4.16522 Y-2.61346
X4.16622 Y-2.61346
X4.16622 Y-2.61446
X4.16722 Y-2.61446
X4.16722 Y-2.61546
X4.16922 Y-2.61546
X4.16922 Y-2.61646
X4.17022 Y-2.61646
X4.17022 Y-2.61746
X4.17322 Y-2.61746
X4.17322 Y-2.61846
X4.17622 Y-2.61846
X4.17622 Y-2.61946
X4.22522 Y-2.61946
X4.22522 Y-2.61846
X4.22822 Y-2.61846
X4.22822 Y-2.61746
X4.23122 Y-2.61746
X4.23122 Y-2.61646
X4.23222 Y-2.61646
X4.23222 Y-2.61546
X4.23422 Y-2.61546
X4.23422 Y-2.61446
X4.23522 Y-2.61446
X4.23522 Y-2.61346
X4.23622 Y-2.61346
X4.23622 Y-2.61246
X4.23822 Y-2.61246
X4.23822 Y-2.61146
X4.23922 Y-2.61146
X4.23922 Y-2.61046
X4.24022 Y-2.61046
X4.24022 Y-2.60946
X4.24122 Y-2.60946
X4.24122 Y-2.60846
X4.24222 Y-2.60846
X4.24222 Y-2.60646
X4.24322 Y-2.60646
X4.24322 Y-2.60446
X4.24422 Y-2.60446
X4.24422 Y-2.60346
X4.24522 Y-2.60346
X4.24522 Y-2.60146
X4.24622 Y-2.60146
X4.24622 Y-2.59846
X4.24722 Y-2.59846
X4.24722 Y-2.59246
X4.24822 Y-2.59246
X4.24822 Y-2.58346
X4.24722 Y-2.58346
X4.24722 Y-2.57746
X4.24622 Y-2.57746
X4.24622 Y-2.57446
X4.24522 Y-2.57446
X4.24522 Y-2.57246
X4.24422 Y-2.57246
X4.24422 Y-2.57146
X4.24322 Y-2.57146
X4.24322 Y-2.56946
X4.24222 Y-2.56946
X4.24222 Y-2.56746
X4.24122 Y-2.56746
X4.24122 Y-2.56646
X4.24022 Y-2.56646
X4.24022 Y-2.56546
X4.23922 Y-2.56546
X4.23922 Y-2.56446
X4.23822 Y-2.56446
X4.23822 Y-2.56346
X4.23622 Y-2.56346
X4.23622 Y-2.56246
X4.23522 Y-2.56246
X4.23522 Y-2.56146
X4.23422 Y-2.56146
X4.23422 Y-2.56046
X4.23222 Y-2.56046
X4.23222 Y-2.55946
X4.23122 Y-2.55946
X4.23122 Y-2.55846
X4.22822 Y-2.55846
X4.22822 Y-2.55746
X4.22522 Y-2.55746
X4.22522 Y-2.55646
X4.17622 Y-2.55646
X4.17622 Y-2.55746
G04 P0 ( dwell for no time -- G64 should not smooth over this point )
G00 Z0.19685 ( retract )

G00 X4.74022 Y-2.63746 ( rapid move to begin. )
G01 Z-0.00394 F3.93701 ( plunge. )
G04 P0 ( dwell for no time -- G64 should not smooth over this point )
X4.74022 Y-2.63746
X4.73522 Y-2.63746
X4.73522 Y-2.63846
X4.73022 Y-2.63846
X4.73022 Y-2.63946
X4.72722 Y-2.63946
X4.72722 Y-2.64046
X4.72622 Y-2.64046
X4.72622 Y-2.64146
X4.72422 Y-2.64146
X4.72422 Y-2.64246
X4.72322 Y-2.64246
X4.72322 Y-2.64346
X4.72122 Y-2.64346
X4.72122 Y-2.64446
X4.72022 Y-2.64446
X4.72022 Y-2.64546
X4.71922 Y-2.64546
X4.71922 Y-2.64646
X4.71822 Y-2.64646
X4.71822 Y-2.64746
X4.71722 Y-2.64746
X4.71722 Y-2.64946
X4.71622 Y-2.64946
X4.71622 Y-2.65146
X4.71522 Y-2.65146
X4.71522 Y-2.65246
X4.71422 Y-2.65246
X4.71422 Y-2.65446
X4.71322 Y-2.65446
X4.71322 Y-2.65746
X4.71222 Y-2.65746
X4.71222 Y-2.66346
X4.71122 Y-2.66346
X4.71122 Y-2.67046
X4.71222 Y-2.67046
X4.71222 Y-2.67646
X4.71322 Y-2.67646
X4.71322 Y-2.67946
X4.71422 Y-2.67946
X4.71422 Y-2.68146
X4.71522 Y-2.68146
X4.71522 Y-2.68246
X4.71622 Y-2.68246
X4.71622 Y-2.68446
X4.71722 Y-2.68446
X4.71722 Y-2.68646
X4.71822 Y-2.68646
X4.71822 Y-2.68746
X4.71922 Y-2.68746
X4.71922 Y-2.68846
X4.72022 Y-2.68846
X4.72022 Y-2.68946
X4.72122 Y-2.68946
X4.72122 Y-2.69046
X4.72322 Y-2.69046
X4.72322 Y-2.69146
X4.72422 Y-2.69146
X4.72422 Y-2.69246
X4.72622 Y-2.69246
X4.72622 Y-2.69346
X4.72722 Y-2.69346
X4.72722 Y-2.69446
X4.73022 Y-2.69446
X4.73022 Y-2.69546
X4.73522 Y-2.69546
X4.73522 Y-2.69646
X4.74022 Y-2.69646
X4.74022 Y-2.69746
X4.80122 Y-2.69746
X4.80122 Y-2.69646
X4.80622 Y-2.69646
X4.80622 Y-2.69546
X4.81122 Y-2.69546
X4.81122 Y-2.69446
X4.81422 Y-2.69446
X4.81422 Y-2.69346
X4.81622 Y-2.69346
X4.81622 Y-2.69246
X4.81722 Y-2.69246
X4.81722 Y-2.69146
X4.81822 Y-2.69146
X4.81822 Y-2.69046
X4.82022 Y-2.69046
X4.82022 Y-2.68946
X4.82122 Y-2.68946
X4.82122 Y-2.68846
X4.82222 Y-2.68846
X4.82222 Y-2.68746
X4.82322 Y-2.68746
X4.82322 Y-2.68646
X4.82422 Y-2.68646
X4.82422 Y-2.68446
X4.82522 Y-2.68446
X4.82522 Y-2.68246
X4.82622 Y-2.68246
X4.82622 Y-2.68146
X4.82722 Y-2.68146
X4.82722 Y-2.67946
X4.82822 Y-2.67946
X4.82822 Y-2.67646
X4.82922 Y-2.67646
X4.82922 Y-2.67046
X4.83022 Y-2.67046
X4.83022 Y-2.66346
X4.82922 Y-2.66346
X4.82922 Y-2.65746
X4.82822 Y-2.65746
X4.82822 Y-2.65446
X4.82722 Y-2.65446
X4.82722 Y-2.65246
X4.82622 Y-2.65246
X4.82622 Y-2.65146
X4.82522 Y-2.65146
X4.82522 Y-2.64946
X4.82422 Y-2.64946
X4.82422 Y-2.64746
X4.82322 Y-2.64746
X4.82322 Y-2.64646
X4.82222 Y-2.64646
X4.82222 Y-2.64546
X4.82122 Y-2.64546
X4.82122 Y-2.64446
X4.82022 Y-2.64446
X4.82022 Y-2.64346
X4.81822 Y-2.64346
X4.81822 Y-2.64246
X4.81722 Y-2.64246
X4.81722 Y-2.64146
X4.81622 Y-2.64146
X4.81622 Y-2.64046
X4.81422 Y-2.64046
X4.81422 Y-2.63946
X4.81122 Y-2.63946
X4.81122 Y-2.63846
X4.80622 Y-2.63846
X4.80622 Y-2.63746
X4.80122 Y-2.63746
X4.80122 Y-2.63646
X4.74022 Y-2.63646
X4.74022 Y-2.63746
G04 P0 ( dwell for no time -- G64 should not smooth over this point )
G00 Z0.19685 ( retract )

G00 X5.57222 Y-2.63946 ( rapid move to begin. )
G01 Z-0.00394 F3.93701 ( plunge. )
G04 P0 ( dwell for no time -- G64 should not smooth over this point )
X5.57222 Y-2.63946
X5.56922 Y-2.63946
X5.56922 Y-2.64046
X5.56622 Y-2.64046
X5.56622 Y-2.64146
X5.56522 Y-2.64146
X5.56522 Y-2.64246
X5.56322 Y-2.64246
X5.56322 Y-2.64346
X5.56222 Y-2.64346
X5.56222 Y-2.64446
X5.56122 Y-2.64446
X5.56122 Y-2.64546
X5.55922 Y-2.64546
X5.55922 Y-2.64646
X5.55822 Y-2.64646
X5.55822 Y-2.64746
X5.55722 Y-2.64746
X5.55722 Y-2.64846
X5.55622 Y-2.64846
X5.55622 Y-2.64946
X5.55522 Y-2.64946
X5.55522 Y-2.65146
X5.55422 Y-2.65146
X5.55422 Y-2.65346
X5.55322 Y-2.65346
X5.55322 Y-2.65446
X5.55222 Y-2.65446
X5.55222 Y-2.65646
X5.55122 Y-2.65646
X5.55122 Y-2.65946
X5.55022 Y-2.65946
X5.55022 Y-2.66546
X5.54922 Y-2.66546
X5.54922 Y-2.67446
X5.55022 Y-2.67446
X5.55022 Y-2.68046
X5.55122 Y-2.68046
X5.55122 Y-2.68346
X5.55222 Y-2.68346
X5.55222 Y-2.68546
X5.55322 Y-2.68546
X5.55322 Y-2.68646
X5.55422 Y-2.68646
X5.55422 Y-2.68846
X5.55522 Y-2.68846
X5.55522 Y-2.69046
X5.55622 Y-2.69046
X5.55622 Y-2.69146
X5.55722 Y-2.69146
X5.55722 Y-2.69246
X5.55822 Y-2.69246
X5.55822 Y-2.69346
X5.55922 Y-2.69346
X5.55922 Y-2.69446
X5.56122 Y-2.69446
X5.56122 Y-2.69546
X5.56222 Y-2.69546
X5.56222 Y-2.69646
X5.56322 Y-2.69646
X5.56322 Y-2.69746
X5.56522 Y-2.69746
X5.56522 Y-2.69846
X5.56622 Y-2.69846
X5.56622 Y-2.69946
X5.56922 Y-2.69946
X5.56922 Y-2.70046
X5.57222 Y-2.70046
X5.57222 Y-2.70146
X5.62122 Y-2.70146
X5.62122 Y-2.70046
X5.62422 Y-2.70046
X5.62422 Y-2.69946
X5.62722 Y-2.69946
X5.62722 Y-2.69846
X5.62822 Y-2.69846
X5.62822 Y-2.69746
X5.63022 Y-2.69746
X5.63022 Y-2.69646
X5.63122 Y-2.69646
X5.63122 Y-2.69546
X5.63222 Y-2.69546
X5.63222 Y-2.69446
X5.63422 Y-2.69446
X5.63422 Y-2.69346
X5.63522 Y-2.69346
X5.63522 Y-2.69246
X5.63622 Y-2.69246
X5.63622 Y-2.69146
X5.63722 Y-2.69146
X5.63722 Y-2.69046
X5.63822 Y-2.69046
X5.63822 Y-2.68846
X5.63922 Y-2.68846
X5.63922 Y-2.68646
X5.64022 Y-2.68646
X5.64022 Y-2.68546
X5.64122 Y-2.68546
X5.64122 Y-2.68346
X5.64222 Y-2.68346
X5.64222 Y-2.68046
X5.64322 Y-2.68046
X5.64322 Y-2.67446
X5.64422 Y-2.67446
X5.64422 Y-2.66546
X5.64322 Y-2.66546
X5.64322 Y-2.65946
X5.64222 Y-2.65946
X5.64222 Y-2.65646
X5.64122 Y-2.65646
X5.64122 Y-2.65446
X5.64022 Y-2.65446
X5.64022 Y-2.65346
X5.63922 Y-2.65346
X5.63922 Y-2.65146
X5.63822 Y-2.65146
X5.63822 Y-2.64946
X5.63722 Y-2.64946
X5.63722 Y-2.64846
X5.63622 Y-2.64846
X5.63622 Y-2.64746
X5.63522 Y-2.64746
X5.63522 Y-2.64646
X5.63422 Y-2.64646
X5.63422 Y-2.64546
X5.63222 Y-2.64546
X5.63222 Y-2.64446
X5.63122 Y-2.64446
X5.63122 Y-2.64346
X5.63022 Y-2.64346
X5.63022 Y-2.64246
X5.62822 Y-2.64246
X5.62822 Y-2.64146
X5.62722 Y-2.64146
X5.62722 Y-2.64046
X5.62422 Y-2.64046
X5.62422 Y-2.63946
X5.62122 Y-2.63946
X5.62122 Y-2.63846
X5.57222 Y-2.63846
X5.57222 Y-2.63946
G04 P0 ( dwell for no time -- G64 should not smooth over this point )
G00 Z0.19685 ( retract )

G00 X4.17622 Y-2.65746 ( rapid move to begin. )
G01 Z-0.00394 F3.93701 ( plunge. )
G04 P0 ( dwell for no time -- G64 should not smooth over this point )
X4.17622 Y-2.65746
X4.17322 Y-2.65746
X4.17322 Y-2.65846
X4.17022 Y-2.65846
X4.17022 Y-2.65946
X4.16922 Y-2.65946
X4.16922 Y-2.66046
X4.16722 Y-2.66046
X4.16722 Y-2.66146
X4.16622 Y-2.66146
X4.16622 Y-2.66246
X4.16522 Y-2.66246
X4.16522 Y-2.66346
X4.16322 Y-2.66346
X4.16322 Y-2.66446
X4.16222 Y-2.66446
X4.16222 Y-2.66546
X4.16122 Y-2.66546
X4.16122 Y-2.66646
X4.16022 Y-2.66646
X4.16022 Y-2.66746
X4.15922 Y-2.66746
X4.15922 Y-2.66946
X4.15822 Y-2.66946
X4.15822 Y-2.67146
X4.15722 Y-2.67146
X4.15722 Y-2.67246
X4.15622 Y-2.67246
X4.15622 Y-2.67446
X4.15522 Y-2.67446
X4.15522 Y-2.67746
X4.15422 Y-2.67746
X4.15422 Y-2.68346
X4.15322 Y-2.68346
X4.15322 Y-2.69246
X4.15422 Y-2.69246
X4.15422 Y-2.69846
X4.15522 Y-2.69846
X4.15522 Y-2.70146
X4.15622 Y-2.70146
X4.15622 Y-2.70346
X4.15722 Y-2.70346
X4.15722 Y-2.70446
X4.15822 Y-2.70446
X4.15822 Y-2.70646
X4.15922 Y-2.70646
X4.15922 Y-2.70846
X4.16022 Y-2.70846
X4.16022 Y-2.70946
X4.16122 Y-2.70946
X4.16122 Y-2.71046
X4.16222 Y-2.71046
X4.16222 Y-2.71146
X4.16322 Y-2.71146
X4.16322 Y-2.71246
X4.16522 Y-2.71246
X4.16522 Y-2.71346
X4.16622 Y-2.71346
X4.16622 Y-2.71446
X4.16722 Y-2.71446
X4.16722 Y-2.71546
X4.16922 Y-2.71546
X4.16922 Y-2.71646
X4.17022 Y-2.71646
X4.17022 Y-2.71746
X4.17322 Y-2.71746
X4.17322 Y-2.71846
X4.17622 Y-2.71846
X4.17622 Y-2.71946
X4.22522 Y-2.71946
X4.22522 Y-2.71846
X4.22822 Y-2.71846
X4.22822 Y-2.71746
X4.23122 Y-2.71746
X4.23122 Y-2.71646
X4.23222 Y-2.71646
X4.23222 Y-2.71546
X4.23422 Y-2.71546
X4.23422 Y-2.71446
X4.23522 Y-2.71446
X4.23522 Y-2.71346
X4.23622 Y-2.71346
X4.23622 Y-2.71246
X4.23822 Y-2.71246
X4.23822 Y-2.71146
X4.23922 Y-2.71146
X4.23922 Y-2.71046
X4.24022 Y-2.71046
X4.24022 Y-2.70946
X4.24122 Y-2.70946
X4.24122 Y-2.70846
X4.24222 Y-2.70846
X4.24222 Y-2.70646
X4.24322 Y-2.70646
X4.24322 Y-2.70446
X4.24422 Y-2.70446
X4.24422 Y-2.70346
X4.24522 Y-2.70346
X4.24522 Y-2.70146
X4.24622 Y-2.70146
X4.24622 Y-2.69846
X4.24722 Y-2.69846
X4.24722 Y-2.69246
X4.24822 Y-2.69246
X4.24822 Y-2.68346
X4.24722 Y-2.68346
X4.24722 Y-2.67746
X4.24622 Y-2.67746
X4.24622 Y-2.67446
X4.24522 Y-2.67446
X4.24522 Y-2.67246
X4.24422 Y-2.67246
X4.24422 Y-2.67146
X4.24322 Y-2.67146
X4.24322 Y-2.66946
X4.24222 Y-2.66946
X4.24222 Y-2.66746
X4.24122 Y-2.66746
X4.24122 Y-2.66646
X4.24022 Y-2.66646
X4.24022 Y-2.66546
X4.23922 Y-2.66546
X4.23922 Y-2.66446
X4.23822 Y-2.66446
X4.23822 Y-2.66346
X4.23622 Y-2.66346
X4.23622 Y-2.66246
X4.23522 Y-2.66246
X4.23522 Y-2.66146
X4.23422 Y-2.66146
X4.23422 Y-2.66046
X4.23222 Y-2.66046
X4.23222 Y-2.65946
X4.23122 Y-2.65946
X4.23122 Y-2.65846
X4.22822 Y-2.65846
X4.22822 Y-2.65746
X4.22522 Y-2.65746
X4.22522 Y-2.65646
X4.17622 Y-2.65646
X4.17622 Y-2.65746
G04 P0 ( dwell for no time -- G64 should not smooth over this point )
G00 Z0.19685 ( retract )

G00 X5.23322 Y-2.71246 ( rapid move to begin. )
G01 Z-0.00394 F3.93701 ( plunge. )
G04 P0 ( dwell for no time -- G64 should not smooth over this point )
X5.23322 Y-2.71246
X5.22822 Y-2.71246
X5.22822 Y-2.71346
X5.22322 Y-2.71346
X5.22322 Y-2.71446
X5.22022 Y-2.71446
X5.22022 Y-2.71546
X5.21922 Y-2.71546
X5.21922 Y-2.71646
X5.21722 Y-2.71646
X5.21722 Y-2.71746
X5.21622 Y-2.71746
X5.21622 Y-2.71846
X5.21422 Y-2.71846
X5.21422 Y-2.71946
X5.21322 Y-2.71946
X5.21322 Y-2.72046
X5.21222 Y-2.72046
X5.21222 Y-2.72146
X5.21122 Y-2.72146
X5.21122 Y-2.72246
X5.21022 Y-2.72246
X5.21022 Y-2.72446
X5.20922 Y-2.72446
X5.20922 Y-2.72646
X5.20822 Y-2.72646
X5.20822 Y-2.72746
X5.20722 Y-2.72746
X5.20722 Y-2.72946
X5.20622 Y-2.72946
X5.20622 Y-2.73246
X5.20522 Y-2.73246
X5.20522 Y-2.73846
X5.20422 Y-2.73846
X5.20422 Y-2.74546
X5.20522 Y-2.74546
X5.20522 Y-2.75146
X5.20622 Y-2.75146
X5.20622 Y-2.75446
X5.20722 Y-2.75446
X5.20722 Y-2.75646
X5.20822 Y-2.75646
X5.20822 Y-2.75746
X5.20922 Y-2.75746
X5.20922 Y-2.75946
X5.21022 Y-2.75946
X5.21022 Y-2.76146
X5.21122 Y-2.76146
X5.21122 Y-2.76246
X5.21222 Y-2.76246
X5.21222 Y-2.76346
X5.21322 Y-2.76346
X5.21322 Y-2.76446
X5.21422 Y-2.76446
X5.21422 Y-2.76546
X5.21622 Y-2.76546
X5.21622 Y-2.76646
X5.21722 Y-2.76646
X5.21722 Y-2.76746
X5.21922 Y-2.76746
X5.21922 Y-2.76846
X5.22022 Y-2.76846
X5.22022 Y-2.76946
X5.22322 Y-2.76946
X5.22322 Y-2.77046
X5.22822 Y-2.77046
X5.22822 Y-2.77146
X5.23322 Y-2.77146
X5.23322 Y-2.77246
X5.29422 Y-2.77246
X5.29422 Y-2.77146
X5.29922 Y-2.77146
X5.29922 Y-2.77046
X5.30422 Y-2.77046
X5.30422 Y-2.76946
X5.30722 Y-2.76946
X5.30722 Y-2.76846
X5.30922 Y-2.76846
X5.30922 Y-2.76746
X5.31022 Y-2.76746
X5.31022 Y-2.76646
X5.31122 Y-2.76646
X5.31122 Y-2.76546
X5.31322 Y-2.76546
X5.31322 Y-2.76446
X5.31422 Y-2.76446
X5.31422 Y-2.76346
X5.31522 Y-2.76346
X5.31522 Y-2.76246
X5.31622 Y-2.76246
X5.31622 Y-2.76146
X5.31722 Y-2.76146
X5.31722 Y-2.75946
X5.31822 Y-2.75946
X5.31822 Y-2.75746
X5.31922 Y-2.75746
X5.31922 Y-2.75646
X5.32022 Y-2.75646
X5.32022 Y-2.75446
X5.32122 Y-2.75446
X5.32122 Y-2.75146
X5.32222 Y-2.75146
X5.32222 Y-2.74546
X5.32322 Y-2.74546
X5.32322 Y-2.73846
X5.32222 Y-2.73846
X5.32222 Y-2.73246
X5.32122 Y-2.73246
X5.32122 Y-2.72946
X5.32022 Y-2.72946
X5.32022 Y-2.72746
X5.31922 Y-2.72746
X5.31922 Y-2.72646
X5.31822 Y-2.72646
X5.31822 Y-2.72446
X5.31722 Y-2.72446
X5.31722 Y-2.72246
X5.31622 Y-2.72246
X5.31622 Y-2.72146
X5.31522 Y-2.72146
X5.31522 Y-2.72046
X5.31422 Y-2.72046
X5.31422 Y-2.71946
X5.31322 Y-2.71946
X5.31322 Y-2.71846
X5.31122 Y-2.71846
X5.31122 Y-2.71746
X5.31022 Y-2.71746
X5.31022 Y-2.71646
X5.30922 Y-2.71646
X5.30922 Y-2.71546
X5.30722 Y-2.71546
X5.30722 Y-2.71446
X5.30422 Y-2.71446
X5.30422 Y-2.71346
X5.29922 Y-2.71346
X5.29922 Y-2.71246
X5.29422 Y-2.71246
X5.29422 Y-2.71146
X5.23322 Y-2.71146
X5.23322 Y-2.71246

G04 P0 ( dwell for no time -- G64 should not smooth over this point )
G00 Z0.39370 ( retract )

M9 ( Coolant off. )
M2 ( Program end. )

